Record Length,2.500000e+03,,  -0.000001340000,   0.04000,
Sample Interval,2.000000e-09,,  -0.000001338000,  -0.04000,
Trigger Point,6.700000000000e+02,,  -0.000001336000,   0.04000,
,,,  -0.000001334000,   0.04000,
,,,  -0.000001332000,   0.00000,
,,,  -0.000001330000,   0.04000,
Source,CH1,,  -0.000001328000,   0.00000,
Vertical Units,V,,  -0.000001326000,   0.04000,
Vertical Scale,1.000000e+00,,  -0.000001324000,   0.04000,
Vertical Offset,-2.160000e+00,,  -0.000001322000,   0.04000,
Horizontal Units,s,,  -0.000001320000,   0.08000,
Horizontal Scale,5.000000e-07,,  -0.000001318000,   0.00000,
Pt Fmt,Y,,  -0.000001316000,   0.04000,
Yzero,0.000000e+00,,  -0.000001314000,   0.00000,
Probe Atten,1.000000e+00,,  -0.000001312000,   0.04000,
Model Number,TDS1001B,,  -0.000001310000,  -0.04000,
Serial Number,C059812,,  -0.000001308000,  -0.04000,
Firmware Version,FV:v22.01,,  -0.000001306000,   0.08000,
,,,-00.000001304000,   0.04000,
,,,-00.000001302000,   0.00000,
,,,-00.000001300000,  -0.04000,
,,,-00.000001298000,   0.04000,
,,,-00.000001296000,   0.00000,
,,,-00.000001294000,   0.00000,
,,,-00.000001292000,   0.04000,
,,,-00.000001290000,   0.00000,
,,,-00.000001288000,  -0.04000,
,,,-00.000001286000,   0.00000,
,,,-00.000001284000,   0.00000,
,,,-00.000001282000,   0.00000,
,,,-00.000001280000,   0.00000,
,,,-00.000001278000,  -0.04000,
,,,-00.000001276000,   0.00000,
,,,-00.000001274000,   0.08000,
,,,-00.000001272000,   0.00000,
,,,-00.000001270000,   0.08000,
,,,-00.000001268000,   0.00000,
,,,-00.000001266000,   0.04000,
,,,-00.000001264000,   0.04000,
,,,-00.000001262000,   0.04000,
,,,-00.000001260000,   0.00000,
,,,-00.000001258000,   0.00000,
,,,-00.000001256000,   0.04000,
,,,-00.000001254000,   0.00000,
,,,-00.000001252000,   0.00000,
,,,-00.000001250000,   0.00000,
,,,-00.000001248000,   0.04000,
,,,-00.000001246000,   0.00000,
,,,-00.000001244000,   0.04000,
,,,-00.000001242000,   0.04000,
,,,-00.000001240000,   0.04000,
,,,-00.000001238000,   0.04000,
,,,-00.000001236000,   0.04000,
,,,-00.000001234000,  -0.04000,
,,,-00.000001232000,   0.00000,
,,,-00.000001230000,   0.00000,
,,,-00.000001228000,   0.04000,
,,,-00.000001226000,   0.00000,
,,,-00.000001224000,   0.04000,
,,,-00.000001222000,   0.04000,
,,,-00.000001220000,   0.04000,
,,,-00.000001218000,   0.04000,
,,,-00.000001216000,   0.00000,
,,,-00.000001214000,   0.04000,
,,,-00.000001212000,  -0.04000,
,,,-00.000001210000,   0.04000,
,,,-00.000001208000,   0.04000,
,,,-00.000001206000,   0.04000,
,,,-00.000001204000,   0.04000,
,,,-00.000001202000,   0.04000,
,,,-00.000001200000,   0.08000,
,,,-00.000001198000,   0.00000,
,,,-00.000001196000,   0.00000,
,,,-00.000001194000,   0.08000,
,,,-00.000001192000,   0.00000,
,,,-00.000001190000,   0.08000,
,,,-00.000001188000,   0.00000,
,,,-00.000001186000,   0.04000,
,,,-00.000001184000,   0.04000,
,,,-00.000001182000,   0.00000,
,,,-00.000001180000,   0.00000,
,,,-00.000001178000,   0.00000,
,,,-00.000001176000,   0.04000,
,,,-00.000001174000,   0.00000,
,,,-00.000001172000,   0.08000,
,,,-00.000001170000,   0.00000,
,,,-00.000001168000,   0.00000,
,,,-00.000001166000,  -0.04000,
,,,-00.000001164000,  -0.04000,
,,,-00.000001162000,   0.00000,
,,,-00.000001160000,   0.00000,
,,,-00.000001158000,   0.00000,
,,,-00.000001156000,   0.00000,
,,,-00.000001154000,  -0.04000,
,,,-00.000001152000,   0.00000,
,,,-00.000001150000,   0.04000,
,,,-00.000001148000,   0.00000,
,,,-00.000001146000,   0.00000,
,,,-00.000001144000,   0.00000,
,,,-00.000001142000,  -0.04000,
,,,-00.000001140000,   0.00000,
,,,-00.000001138000,  -0.04000,
,,,-00.000001136000,  -0.04000,
,,,-00.000001134000,   0.00000,
,,,-00.000001132000,   0.00000,
,,,-00.000001130000,   0.00000,
,,,-00.000001128000,  -0.04000,
,,,-00.000001126000,   0.04000,
,,,-00.000001124000,   0.04000,
,,,-00.000001122000,   0.04000,
,,,-00.000001120000,  -0.04000,
,,,-00.000001118000,   0.04000,
,,,-00.000001116000,   0.00000,
,,,-00.000001114000,   0.00000,
,,,-00.000001112000,   0.00000,
,,,-00.000001110000,   0.00000,
,,,-00.000001108000,   0.04000,
,,,-00.000001106000,   0.04000,
,,,-00.000001104000,  -0.04000,
,,,-00.000001102000,   0.00000,
,,,-00.000001100000,   0.00000,
,,,-00.000001098000,  -0.04000,
,,,-00.000001096000,   0.04000,
,,,-00.000001094000,   0.00000,
,,,-00.000001092000,   0.00000,
,,,-00.000001090000,  -0.04000,
,,,-00.000001088000,  -0.04000,
,,,-00.000001086000,   0.00000,
,,,-00.000001084000,   0.00000,
,,,-00.000001082000,   0.00000,
,,,-00.000001080000,  -0.08000,
,,,-00.000001078000,   0.00000,
,,,-00.000001076000,   0.04000,
,,,-00.000001074000,   0.00000,
,,,-00.000001072000,  -0.04000,
,,,-00.000001070000,   0.00000,
,,,-00.000001068000,   0.00000,
,,,-00.000001066000,   0.00000,
,,,-00.000001064000,   0.00000,
,,,-00.000001062000,   0.00000,
,,,-00.000001060000,   0.00000,
,,,-00.000001058000,   0.00000,
,,,-00.000001056000,   0.00000,
,,,-00.000001054000,   0.04000,
,,,-00.000001052000,   0.00000,
,,,-00.000001050000,   0.04000,
,,,-00.000001048000,   0.00000,
,,,-00.000001046000,   0.00000,
,,,-00.000001044000,   0.00000,
,,,-00.000001042000,   0.00000,
,,,-00.000001040000,   0.08000,
,,,-00.000001038000,   0.04000,
,,,-00.000001036000,   0.00000,
,,,-00.000001034000,   0.00000,
,,,-00.000001032000,   0.04000,
,,,-00.000001030000,   0.00000,
,,,-00.000001028000,   0.00000,
,,,-00.000001026000,   0.04000,
,,,-00.000001024000,   0.04000,
,,,-00.000001022000,   0.04000,
,,,-00.000001020000,   0.08000,
,,,-00.000001018000,   0.00000,
,,,-00.000001016000,  -0.04000,
,,,-00.000001014000,   0.00000,
,,,-00.000001012000,   0.00000,
,,,-00.000001010000,   0.04000,
,,,-00.000001008000,   0.04000,
,,,-00.000001006000,   0.08000,
,,,-00.000001004000,   0.00000,
,,,-00.000001002000,   0.00000,
,,,-00.000001000000,  -0.04000,
,,,-00.000000998000,   0.00000,
,,,-00.000000996000,   0.00000,
,,,-00.000000994000,   0.00000,
,,,-00.000000992000,   0.08000,
,,,-00.000000990000,   0.00000,
,,,-00.000000988000,   0.00000,
,,,-00.000000986000,   0.00000,
,,,-00.000000984000,   0.00000,
,,,-00.000000982000,   0.00000,
,,,-00.000000980000,   0.00000,
,,,-00.000000978000,   0.04000,
,,,-00.000000976000,   0.00000,
,,,-00.000000974000,   0.04000,
,,,-00.000000972000,  -0.04000,
,,,-00.000000970000,   0.00000,
,,,-00.000000968000,  -0.04000,
,,,-00.000000966000,   0.00000,
,,,-00.000000964000,   0.00000,
,,,-00.000000962000,  -0.04000,
,,,-00.000000960000,   0.08000,
,,,-00.000000958000,   0.04000,
,,,-00.000000956000,  -0.04000,
,,,-00.000000954000,   0.04000,
,,,-00.000000952000,  -0.04000,
,,,-00.000000950000,   0.00000,
,,,-00.000000948000,  -0.04000,
,,,-00.000000946000,   0.00000,
,,,-00.000000944000,   0.04000,
,,,-00.000000942000,   0.00000,
,,,-00.000000940000,   0.00000,
,,,-00.000000938000,   0.00000,
,,,-00.000000936000,   0.00000,
,,,-00.000000934000,   0.00000,
,,,-00.000000932000,   0.00000,
,,,-00.000000930000,   0.00000,
,,,-00.000000928000,   0.04000,
,,,-00.000000926000,   0.04000,
,,,-00.000000924000,   0.00000,
,,,-00.000000922000,   0.00000,
,,,-00.000000920000,   0.04000,
,,,-00.000000918000,   0.00000,
,,,-00.000000916000,   0.00000,
,,,-00.000000914000,   0.00000,
,,,-00.000000912000,  -0.04000,
,,,-00.000000910000,   0.04000,
,,,-00.000000908000,   0.04000,
,,,-00.000000906000,   0.00000,
,,,-00.000000904000,   0.00000,
,,,-00.000000902000,   0.00000,
,,,-00.000000900000,   0.00000,
,,,-00.000000898000,  -0.04000,
,,,-00.000000896000,   0.04000,
,,,-00.000000894000,   0.00000,
,,,-00.000000892000,   0.00000,
,,,-00.000000890000,   0.00000,
,,,-00.000000888000,   0.00000,
,,,-00.000000886000,   0.04000,
,,,-00.000000884000,   0.00000,
,,,-00.000000882000,  -0.04000,
,,,-00.000000880000,   0.00000,
,,,-00.000000878000,   0.00000,
,,,-00.000000876000,   0.00000,
,,,-00.000000874000,   0.04000,
,,,-00.000000872000,   0.00000,
,,,-00.000000870000,  -0.04000,
,,,-00.000000868000,   0.00000,
,,,-00.000000866000,  -0.04000,
,,,-00.000000864000,   0.04000,
,,,-00.000000862000,   0.00000,
,,,-00.000000860000,  -0.04000,
,,,-00.000000858000,   0.00000,
,,,-00.000000856000,   0.04000,
,,,-00.000000854000,   0.04000,
,,,-00.000000852000,   0.04000,
,,,-00.000000850000,   0.00000,
,,,-00.000000848000,   0.04000,
,,,-00.000000846000,   0.00000,
,,,-00.000000844000,   0.04000,
,,,-00.000000842000,   0.08000,
,,,-00.000000840000,   0.08000,
,,,-00.000000838000,   0.04000,
,,,-00.000000836000,   0.00000,
,,,-00.000000834000,   0.00000,
,,,-00.000000832000,   0.04000,
,,,-00.000000830000,   0.00000,
,,,-00.000000828000,   0.04000,
,,,-00.000000826000,   0.00000,
,,,-00.000000824000,   0.04000,
,,,-00.000000822000,   0.04000,
,,,-00.000000820000,   0.00000,
,,,-00.000000818000,   0.00000,
,,,-00.000000816000,  -0.04000,
,,,-00.000000814000,   0.00000,
,,,-00.000000812000,   0.00000,
,,,-00.000000810000,   0.00000,
,,,-00.000000808000,   0.08000,
,,,-00.000000806000,   0.04000,
,,,-00.000000804000,   0.08000,
,,,-00.000000802000,  -0.04000,
,,,-00.000000800000,  -0.04000,
,,,-00.000000798000,   0.00000,
,,,-00.000000796000,   0.04000,
,,,-00.000000794000,   0.04000,
,,,-00.000000792000,  -0.04000,
,,,-00.000000790000,   0.04000,
,,,-00.000000788000,   0.04000,
,,,-00.000000786000,   0.00000,
,,,-00.000000784000,   0.00000,
,,,-00.000000782000,   0.00000,
,,,-00.000000780000,   0.04000,
,,,-00.000000778000,   0.04000,
,,,-00.000000776000,   0.04000,
,,,-00.000000774000,   0.04000,
,,,-00.000000772000,   0.08000,
,,,-00.000000770000,   0.00000,
,,,-00.000000768000,  -0.04000,
,,,-00.000000766000,   0.04000,
,,,-00.000000764000,   0.00000,
,,,-00.000000762000,   0.08000,
,,,-00.000000760000,   0.04000,
,,,-00.000000758000,   0.00000,
,,,-00.000000756000,   0.00000,
,,,-00.000000754000,   0.04000,
,,,-00.000000752000,   0.00000,
,,,-00.000000750000,   0.00000,
,,,-00.000000748000,   0.04000,
,,,-00.000000746000,   0.00000,
,,,-00.000000744000,   0.00000,
,,,-00.000000742000,   0.00000,
,,,-00.000000740000,   0.00000,
,,,-00.000000738000,   0.00000,
,,,-00.000000736000,   0.00000,
,,,-00.000000734000,  -0.04000,
,,,-00.000000732000,   0.00000,
,,,-00.000000730000,   0.00000,
,,,-00.000000728000,   0.04000,
,,,-00.000000726000,   0.08000,
,,,-00.000000724000,   0.00000,
,,,-00.000000722000,   0.00000,
,,,-00.000000720000,   0.00000,
,,,-00.000000718000,   0.00000,
,,,-00.000000716000,   0.00000,
,,,-00.000000714000,   0.00000,
,,,-00.000000712000,   0.08000,
,,,-00.000000710000,   0.04000,
,,,-00.000000708000,   0.04000,
,,,-00.000000706000,   0.00000,
,,,-00.000000704000,   0.04000,
,,,-00.000000702000,  -0.04000,
,,,-00.000000700000,   0.00000,
,,,-00.000000698000,   0.00000,
,,,-00.000000696000,   0.04000,
,,,-00.000000694000,  -0.04000,
,,,-00.000000692000,   0.00000,
,,,-00.000000690000,   0.04000,
,,,-00.000000688000,   0.04000,
,,,-00.000000686000,   0.00000,
,,,-00.000000684000,  -0.04000,
,,,-00.000000682000,   0.04000,
,,,-00.000000680000,   0.08000,
,,,-00.000000678000,   0.00000,
,,,-00.000000676000,   0.00000,
,,,-00.000000674000,   0.00000,
,,,-00.000000672000,   0.00000,
,,,-00.000000670000,   0.00000,
,,,-00.000000668000,  -0.04000,
,,,-00.000000666000,   0.00000,
,,,-00.000000664000,   0.00000,
,,,-00.000000662000,   0.00000,
,,,-00.000000660000,   0.00000,
,,,-00.000000658000,   0.04000,
,,,-00.000000656000,   0.08000,
,,,-00.000000654000,   0.08000,
,,,-00.000000652000,   0.00000,
,,,-00.000000650000,   0.04000,
,,,-00.000000648000,   0.00000,
,,,-00.000000646000,   0.00000,
,,,-00.000000644000,   0.08000,
,,,-00.000000642000,   0.04000,
,,,-00.000000640000,   0.00000,
,,,-00.000000638000,   0.00000,
,,,-00.000000636000,   0.00000,
,,,-00.000000634000,   0.00000,
,,,-00.000000632000,   0.00000,
,,,-00.000000630000,   0.00000,
,,,-00.000000628000,   0.04000,
,,,-00.000000626000,   0.08000,
,,,-00.000000624000,   0.04000,
,,,-00.000000622000,   0.04000,
,,,-00.000000620000,   0.00000,
,,,-00.000000618000,   0.00000,
,,,-00.000000616000,   0.00000,
,,,-00.000000614000,   0.00000,
,,,-00.000000612000,   0.04000,
,,,-00.000000610000,   0.04000,
,,,-00.000000608000,   0.04000,
,,,-00.000000606000,   0.04000,
,,,-00.000000604000,   0.00000,
,,,-00.000000602000,   0.00000,
,,,-00.000000600000,   0.08000,
,,,-00.000000598000,   0.04000,
,,,-00.000000596000,   0.08000,
,,,-00.000000594000,   0.00000,
,,,-00.000000592000,   0.04000,
,,,-00.000000590000,   0.04000,
,,,-00.000000588000,   0.00000,
,,,-00.000000586000,   0.00000,
,,,-00.000000584000,   0.04000,
,,,-00.000000582000,   0.04000,
,,,-00.000000580000,   0.04000,
,,,-00.000000578000,   0.08000,
,,,-00.000000576000,   0.04000,
,,,-00.000000574000,   0.08000,
,,,-00.000000572000,   0.00000,
,,,-00.000000570000,   0.00000,
,,,-00.000000568000,   0.00000,
,,,-00.000000566000,   0.00000,
,,,-00.000000564000,   0.08000,
,,,-00.000000562000,   0.04000,
,,,-00.000000560000,   0.00000,
,,,-00.000000558000,   0.00000,
,,,-00.000000556000,   0.08000,
,,,-00.000000554000,   0.00000,
,,,-00.000000552000,   0.04000,
,,,-00.000000550000,   0.04000,
,,,-00.000000548000,   0.08000,
,,,-00.000000546000,   0.04000,
,,,-00.000000544000,   0.00000,
,,,-00.000000542000,   0.00000,
,,,-00.000000540000,   0.04000,
,,,-00.000000538000,   0.00000,
,,,-00.000000536000,   0.00000,
,,,-00.000000534000,   0.04000,
,,,-00.000000532000,   0.00000,
,,,-00.000000530000,   0.08000,
,,,-00.000000528000,   0.12000,
,,,-00.000000526000,   0.04000,
,,,-00.000000524000,   0.00000,
,,,-00.000000522000,   0.08000,
,,,-00.000000520000,   0.04000,
,,,-00.000000518000,   0.08000,
,,,-00.000000516000,   0.08000,
,,,-00.000000514000,   0.04000,
,,,-00.000000512000,   0.08000,
,,,-00.000000510000,   0.08000,
,,,-00.000000508000,   0.04000,
,,,-00.000000506000,   0.04000,
,,,-00.000000504000,   0.08000,
,,,-00.000000502000,   0.04000,
,,,-00.000000500000,   0.04000,
,,,-00.000000498000,   0.12000,
,,,-00.000000496000,   0.00000,
,,,-00.000000494000,   0.04000,
,,,-00.000000492000,   0.04000,
,,,-00.000000490000,   0.04000,
,,,-00.000000488000,   0.04000,
,,,-00.000000486000,   0.04000,
,,,-00.000000484000,   0.04000,
,,,-00.000000482000,   0.08000,
,,,-00.000000480000,   0.04000,
,,,-00.000000478000,   0.08000,
,,,-00.000000476000,   0.04000,
,,,-00.000000474000,   0.04000,
,,,-00.000000472000,   0.04000,
,,,-00.000000470000,   0.04000,
,,,-00.000000468000,   0.04000,
,,,-00.000000466000,   0.08000,
,,,-00.000000464000,   0.04000,
,,,-00.000000462000,   0.04000,
,,,-00.000000460000,   0.08000,
,,,-00.000000458000,   0.08000,
,,,-00.000000456000,   0.08000,
,,,-00.000000454000,   0.04000,
,,,-00.000000452000,   0.08000,
,,,-00.000000450000,   0.08000,
,,,-00.000000448000,   0.08000,
,,,-00.000000446000,   0.12000,
,,,-00.000000444000,   0.12000,
,,,-00.000000442000,   0.04000,
,,,-00.000000440000,   0.04000,
,,,-00.000000438000,   0.04000,
,,,-00.000000436000,   0.04000,
,,,-00.000000434000,   0.04000,
,,,-00.000000432000,   0.04000,
,,,-00.000000430000,   0.12000,
,,,-00.000000428000,   0.12000,
,,,-00.000000426000,   0.04000,
,,,-00.000000424000,   0.12000,
,,,-00.000000422000,   0.04000,
,,,-00.000000420000,   0.04000,
,,,-00.000000418000,   0.04000,
,,,-00.000000416000,   0.12000,
,,,-00.000000414000,   0.12000,
,,,-00.000000412000,   0.12000,
,,,-00.000000410000,   0.08000,
,,,-00.000000408000,   0.08000,
,,,-00.000000406000,   0.00000,
,,,-00.000000404000,   0.04000,
,,,-00.000000402000,   0.08000,
,,,-00.000000400000,   0.08000,
,,,-00.000000398000,   0.12000,
,,,-00.000000396000,   0.08000,
,,,-00.000000394000,   0.12000,
,,,-00.000000392000,   0.08000,
,,,-00.000000390000,   0.04000,
,,,-00.000000388000,   0.08000,
,,,-00.000000386000,   0.04000,
,,,-00.000000384000,   0.12000,
,,,-00.000000382000,   0.08000,
,,,-00.000000380000,   0.12000,
,,,-00.000000378000,   0.08000,
,,,-00.000000376000,   0.08000,
,,,-00.000000374000,   0.12000,
,,,-00.000000372000,   0.08000,
,,,-00.000000370000,   0.08000,
,,,-00.000000368000,   0.08000,
,,,-00.000000366000,   0.16000,
,,,-00.000000364000,   0.16000,
,,,-00.000000362000,   0.08000,
,,,-00.000000360000,   0.08000,
,,,-00.000000358000,   0.16000,
,,,-00.000000356000,   0.12000,
,,,-00.000000354000,   0.08000,
,,,-00.000000352000,   0.08000,
,,,-00.000000350000,   0.12000,
,,,-00.000000348000,   0.08000,
,,,-00.000000346000,   0.12000,
,,,-00.000000344000,   0.12000,
,,,-00.000000342000,   0.08000,
,,,-00.000000340000,   0.12000,
,,,-00.000000338000,   0.12000,
,,,-00.000000336000,   0.08000,
,,,-00.000000334000,   0.12000,
,,,-00.000000332000,   0.16000,
,,,-00.000000330000,   0.16000,
,,,-00.000000328000,   0.16000,
,,,-00.000000326000,   0.16000,
,,,-00.000000324000,   0.12000,
,,,-00.000000322000,   0.12000,
,,,-00.000000320000,   0.16000,
,,,-00.000000318000,   0.12000,
,,,-00.000000316000,   0.16000,
,,,-00.000000314000,   0.16000,
,,,-00.000000312000,   0.20000,
,,,-00.000000310000,   0.16000,
,,,-00.000000308000,   0.16000,
,,,-00.000000306000,   0.16000,
,,,-00.000000304000,   0.16000,
,,,-00.000000302000,   0.20000,
,,,-00.000000300000,   0.24000,
,,,-00.000000298000,   0.16000,
,,,-00.000000296000,   0.20000,
,,,-00.000000294000,   0.24000,
,,,-00.000000292000,   0.20000,
,,,-00.000000290000,   0.16000,
,,,-00.000000288000,   0.16000,
,,,-00.000000286000,   0.20000,
,,,-00.000000284000,   0.24000,
,,,-00.000000282000,   0.20000,
,,,-00.000000280000,   0.20000,
,,,-00.000000278000,   0.20000,
,,,-00.000000276000,   0.24000,
,,,-00.000000274000,   0.24000,
,,,-00.000000272000,   0.20000,
,,,-00.000000270000,   0.20000,
,,,-00.000000268000,   0.20000,
,,,-00.000000266000,   0.24000,
,,,-00.000000264000,   0.24000,
,,,-00.000000262000,   0.20000,
,,,-00.000000260000,   0.24000,
,,,-00.000000258000,   0.28000,
,,,-00.000000256000,   0.24000,
,,,-00.000000254000,   0.24000,
,,,-00.000000252000,   0.28000,
,,,-00.000000250000,   0.24000,
,,,-00.000000248000,   0.32000,
,,,-00.000000246000,   0.32000,
,,,-00.000000244000,   0.28000,
,,,-00.000000242000,   0.28000,
,,,-00.000000240000,   0.28000,
,,,-00.000000238000,   0.28000,
,,,-00.000000236000,   0.32000,
,,,-00.000000234000,   0.32000,
,,,-00.000000232000,   0.32000,
,,,-00.000000230000,   0.36000,
,,,-00.000000228000,   0.32000,
,,,-00.000000226000,   0.32000,
,,,-00.000000224000,   0.32000,
,,,-00.000000222000,   0.32000,
,,,-00.000000220000,   0.28000,
,,,-00.000000218000,   0.32000,
,,,-00.000000216000,   0.40000,
,,,-00.000000214000,   0.36000,
,,,-00.000000212000,   0.36000,
,,,-00.000000210000,   0.40000,
,,,-00.000000208000,   0.32000,
,,,-00.000000206000,   0.36000,
,,,-00.000000204000,   0.40000,
,,,-00.000000202000,   0.36000,
,,,-00.000000200000,   0.40000,
,,,-00.000000198000,   0.40000,
,,,-00.000000196000,   0.40000,
,,,-00.000000194000,   0.36000,
,,,-00.000000192000,   0.40000,
,,,-00.000000190000,   0.40000,
,,,-00.000000188000,   0.36000,
,,,-00.000000186000,   0.44000,
,,,-00.000000184000,   0.44000,
,,,-00.000000182000,   0.44000,
,,,-00.000000180000,   0.44000,
,,,-00.000000178000,   0.48000,
,,,-00.000000176000,   0.48000,
,,,-00.000000174000,   0.44000,
,,,-00.000000172000,   0.48000,
,,,-00.000000170000,   0.48000,
,,,-00.000000168000,   0.48000,
,,,-00.000000166000,   0.52000,
,,,-00.000000164000,   0.48000,
,,,-00.000000162000,   0.48000,
,,,-00.000000160000,   0.56000,
,,,-00.000000158000,   0.48000,
,,,-00.000000156000,   0.48000,
,,,-00.000000154000,   0.52000,
,,,-00.000000152000,   0.52000,
,,,-00.000000150000,   0.52000,
,,,-00.000000148000,   0.56000,
,,,-00.000000146000,   0.52000,
,,,-00.000000144000,   0.56000,
,,,-00.000000142000,   0.64000,
,,,-00.000000140000,   0.56000,
,,,-00.000000138000,   0.60000,
,,,-00.000000136000,   0.56000,
,,,-00.000000134000,   0.60000,
,,,-00.000000132000,   0.64000,
,,,-00.000000130000,   0.60000,
,,,-00.000000128000,   0.64000,
,,,-00.000000126000,   0.60000,
,,,-00.000000124000,   0.64000,
,,,-00.000000122000,   0.64000,
,,,-00.000000120000,   0.68000,
,,,-00.000000118000,   0.72000,
,,,-00.000000116000,   0.72000,
,,,-00.000000114000,   0.68000,
,,,-00.000000112000,   0.64000,
,,,-00.000000110000,   0.68000,
,,,-00.000000108000,   0.72000,
,,,-00.000000106000,   0.72000,
,,,-00.000000104000,   0.72000,
,,,-00.000000102000,   0.72000,
,,,-00.000000100000,   0.72000,
,,,-00.000000098000,   0.72000,
,,,-00.000000096000,   0.76000,
,,,-00.000000094000,   0.76000,
,,,-00.000000092000,   0.68000,
,,,-00.000000090000,   0.76000,
,,,-00.000000088000,   0.80000,
,,,-00.000000086000,   0.88000,
,,,-00.000000084000,   0.80000,
,,,-00.000000082000,   0.76000,
,,,-00.000000080000,   0.84000,
,,,-00.000000078000,   0.84000,
,,,-00.000000076000,   0.84000,
,,,-00.000000074000,   0.88000,
,,,-00.000000072000,   0.88000,
,,,-00.000000070000,   0.84000,
,,,-00.000000068000,   0.88000,
,,,-00.000000066000,   0.84000,
,,,-00.000000064000,   0.84000,
,,,-00.000000062000,   0.92000,
,,,-00.000000060000,   1.00000,
,,,-00.000000058000,   0.88000,
,,,-00.000000056000,   0.96000,
,,,-00.000000054000,   0.92000,
,,,-00.000000052000,   0.92000,
,,,-00.000000050000,   1.00000,
,,,-00.000000048000,   1.04000,
,,,-00.000000046000,   0.96000,
,,,-00.000000044000,   1.00000,
,,,-00.000000042000,   1.00000,
,,,-00.000000040000,   1.00000,
,,,-00.000000038000,   1.00000,
,,,-00.000000036000,   1.00000,
,,,-00.000000034000,   1.04000,
,,,-00.000000032000,   1.08000,
,,,-00.000000030000,   1.04000,
,,,-00.000000028000,   1.16000,
,,,-00.000000026000,   1.04000,
,,,-00.000000024000,   1.08000,
,,,-00.000000022000,   1.08000,
,,,-00.000000020000,   1.12000,
,,,-00.000000018000,   1.20000,
,,,-00.000000016000,   1.20000,
,,,-00.000000014000,   1.16000,
,,,-00.000000012000,   1.20000,
,,,-00.000000010000,   1.16000,
,,,-00.000000008000,   1.16000,
,,,-00.000000006000,   1.24000,
,,,-00.000000004000,   1.20000,
,,,-00.000000002000,   1.24000,
,,,-00.000000000000,   1.20000,
,,,00.000000002000,   1.24000,
,,,00.000000004000,   1.20000,
,,,00.000000006000,   1.24000,
,,,00.000000008000,   1.20000,
,,,00.000000010000,   1.24000,
,,,00.000000012000,   1.32000,
,,,00.000000014000,   1.36000,
,,,00.000000016000,   1.36000,
,,,00.000000018000,   1.28000,
,,,00.000000020000,   1.36000,
,,,00.000000022000,   1.32000,
,,,00.000000024000,   1.36000,
,,,00.000000026000,   1.36000,
,,,00.000000028000,   1.36000,
,,,00.000000030000,   1.44000,
,,,00.000000032000,   1.44000,
,,,00.000000034000,   1.36000,
,,,00.000000036000,   1.44000,
,,,00.000000038000,   1.48000,
,,,00.000000040000,   1.44000,
,,,00.000000042000,   1.44000,
,,,00.000000044000,   1.48000,
,,,00.000000046000,   1.44000,
,,,00.000000048000,   1.44000,
,,,00.000000050000,   1.52000,
,,,00.000000052000,   1.48000,
,,,00.000000054000,   1.52000,
,,,00.000000056000,   1.52000,
,,,00.000000058000,   1.56000,
,,,00.000000060000,   1.52000,
,,,00.000000062000,   1.52000,
,,,00.000000064000,   1.52000,
,,,00.000000066000,   1.64000,
,,,00.000000068000,   1.56000,
,,,00.000000070000,   1.64000,
,,,00.000000072000,   1.64000,
,,,00.000000074000,   1.64000,
,,,00.000000076000,   1.64000,
,,,00.000000078000,   1.64000,
,,,00.000000080000,   1.68000,
,,,00.000000082000,   1.72000,
,,,00.000000084000,   1.72000,
,,,00.000000086000,   1.72000,
,,,00.000000088000,   1.72000,
,,,00.000000090000,   1.72000,
,,,00.000000092000,   1.76000,
,,,00.000000094000,   1.72000,
,,,00.000000096000,   1.76000,
,,,00.000000098000,   1.76000,
,,,00.000000100000,   1.72000,
,,,00.000000102000,   1.80000,
,,,00.000000104000,   1.80000,
,,,00.000000106000,   1.76000,
,,,00.000000108000,   1.80000,
,,,00.000000110000,   1.84000,
,,,00.000000112000,   1.88000,
,,,00.000000114000,   1.84000,
,,,00.000000116000,   1.88000,
,,,00.000000118000,   1.88000,
,,,00.000000120000,   1.92000,
,,,00.000000122000,   1.88000,
,,,00.000000124000,   1.92000,
,,,00.000000126000,   1.92000,
,,,00.000000128000,   1.92000,
,,,00.000000130000,   1.92000,
,,,00.000000132000,   1.92000,
,,,00.000000134000,   1.96000,
,,,00.000000136000,   1.96000,
,,,00.000000138000,   2.00000,
,,,00.000000140000,   2.04000,
,,,00.000000142000,   2.00000,
,,,00.000000144000,   2.04000,
,,,00.000000146000,   2.04000,
,,,00.000000148000,   2.08000,
,,,00.000000150000,   2.12000,
,,,00.000000152000,   2.12000,
,,,00.000000154000,   2.08000,
,,,00.000000156000,   2.08000,
,,,00.000000158000,   2.08000,
,,,00.000000160000,   2.12000,
,,,00.000000162000,   2.12000,
,,,00.000000164000,   2.08000,
,,,00.000000166000,   2.20000,
,,,00.000000168000,   2.16000,
,,,00.000000170000,   2.20000,
,,,00.000000172000,   2.20000,
,,,00.000000174000,   2.20000,
,,,00.000000176000,   2.20000,
,,,00.000000178000,   2.20000,
,,,00.000000180000,   2.28000,
,,,00.000000182000,   2.28000,
,,,00.000000184000,   2.28000,
,,,00.000000186000,   2.32000,
,,,00.000000188000,   2.28000,
,,,00.000000190000,   2.24000,
,,,00.000000192000,   2.32000,
,,,00.000000194000,   2.32000,
,,,00.000000196000,   2.32000,
,,,00.000000198000,   2.32000,
,,,00.000000200000,   2.36000,
,,,00.000000202000,   2.36000,
,,,00.000000204000,   2.36000,
,,,00.000000206000,   2.32000,
,,,00.000000208000,   2.36000,
,,,00.000000210000,   2.40000,
,,,00.000000212000,   2.40000,
,,,00.000000214000,   2.44000,
,,,00.000000216000,   2.44000,
,,,00.000000218000,   2.48000,
,,,00.000000220000,   2.44000,
,,,00.000000222000,   2.44000,
,,,00.000000224000,   2.48000,
,,,00.000000226000,   2.44000,
,,,00.000000228000,   2.52000,
,,,00.000000230000,   2.56000,
,,,00.000000232000,   2.48000,
,,,00.000000234000,   2.48000,
,,,00.000000236000,   2.56000,
,,,00.000000238000,   2.56000,
,,,00.000000240000,   2.52000,
,,,00.000000242000,   2.52000,
,,,00.000000244000,   2.56000,
,,,00.000000246000,   2.56000,
,,,00.000000248000,   2.60000,
,,,00.000000250000,   2.56000,
,,,00.000000252000,   2.60000,
,,,00.000000254000,   2.64000,
,,,00.000000256000,   2.64000,
,,,00.000000258000,   2.64000,
,,,00.000000260000,   2.68000,
,,,00.000000262000,   2.60000,
,,,00.000000264000,   2.72000,
,,,00.000000266000,   2.68000,
,,,00.000000268000,   2.68000,
,,,00.000000270000,   2.72000,
,,,00.000000272000,   2.68000,
,,,00.000000274000,   2.72000,
,,,00.000000276000,   2.72000,
,,,00.000000278000,   2.76000,
,,,00.000000280000,   2.80000,
,,,00.000000282000,   2.76000,
,,,00.000000284000,   2.76000,
,,,00.000000286000,   2.76000,
,,,00.000000288000,   2.80000,
,,,00.000000290000,   2.80000,
,,,00.000000292000,   2.76000,
,,,00.000000294000,   2.80000,
,,,00.000000296000,   2.84000,
,,,00.000000298000,   2.80000,
,,,00.000000300000,   2.88000,
,,,00.000000302000,   2.88000,
,,,00.000000304000,   2.88000,
,,,00.000000306000,   2.88000,
,,,00.000000308000,   2.92000,
,,,00.000000310000,   2.92000,
,,,00.000000312000,   2.88000,
,,,00.000000314000,   2.92000,
,,,00.000000316000,   2.92000,
,,,00.000000318000,   2.92000,
,,,00.000000320000,   2.96000,
,,,00.000000322000,   3.00000,
,,,00.000000324000,   2.96000,
,,,00.000000326000,   2.96000,
,,,00.000000328000,   2.96000,
,,,00.000000330000,   3.00000,
,,,00.000000332000,   3.00000,
,,,00.000000334000,   3.00000,
,,,00.000000336000,   3.04000,
,,,00.000000338000,   3.08000,
,,,00.000000340000,   3.04000,
,,,00.000000342000,   3.04000,
,,,00.000000344000,   3.04000,
,,,00.000000346000,   3.04000,
,,,00.000000348000,   3.12000,
,,,00.000000350000,   3.08000,
,,,00.000000352000,   3.12000,
,,,00.000000354000,   3.08000,
,,,00.000000356000,   3.08000,
,,,00.000000358000,   3.12000,
,,,00.000000360000,   3.12000,
,,,00.000000362000,   3.08000,
,,,00.000000364000,   3.16000,
,,,00.000000366000,   3.16000,
,,,00.000000368000,   3.20000,
,,,00.000000370000,   3.20000,
,,,00.000000372000,   3.16000,
,,,00.000000374000,   3.20000,
,,,00.000000376000,   3.16000,
,,,00.000000378000,   3.24000,
,,,00.000000380000,   3.24000,
,,,00.000000382000,   3.24000,
,,,00.000000384000,   3.24000,
,,,00.000000386000,   3.16000,
,,,00.000000388000,   3.24000,
,,,00.000000390000,   3.24000,
,,,00.000000392000,   3.24000,
,,,00.000000394000,   3.32000,
,,,00.000000396000,   3.24000,
,,,00.000000398000,   3.32000,
,,,00.000000400000,   3.28000,
,,,00.000000402000,   3.28000,
,,,00.000000404000,   3.28000,
,,,00.000000406000,   3.32000,
,,,00.000000408000,   3.32000,
,,,00.000000410000,   3.32000,
,,,00.000000412000,   3.36000,
,,,00.000000414000,   3.32000,
,,,00.000000416000,   3.40000,
,,,00.000000418000,   3.32000,
,,,00.000000420000,   3.32000,
,,,00.000000422000,   3.40000,
,,,00.000000424000,   3.40000,
,,,00.000000426000,   3.44000,
,,,00.000000428000,   3.40000,
,,,00.000000430000,   3.40000,
,,,00.000000432000,   3.36000,
,,,00.000000434000,   3.40000,
,,,00.000000436000,   3.40000,
,,,00.000000438000,   3.40000,
,,,00.000000440000,   3.40000,
,,,00.000000442000,   3.44000,
,,,00.000000444000,   3.40000,
,,,00.000000446000,   3.40000,
,,,00.000000448000,   3.44000,
,,,00.000000450000,   3.44000,
,,,00.000000452000,   3.44000,
,,,00.000000454000,   3.48000,
,,,00.000000456000,   3.44000,
,,,00.000000458000,   3.44000,
,,,00.000000460000,   3.48000,
,,,00.000000462000,   3.52000,
,,,00.000000464000,   3.48000,
,,,00.000000466000,   3.48000,
,,,00.000000468000,   3.52000,
,,,00.000000470000,   3.52000,
,,,00.000000472000,   3.52000,
,,,00.000000474000,   3.52000,
,,,00.000000476000,   3.56000,
,,,00.000000478000,   3.52000,
,,,00.000000480000,   3.52000,
,,,00.000000482000,   3.52000,
,,,00.000000484000,   3.52000,
,,,00.000000486000,   3.56000,
,,,00.000000488000,   3.52000,
,,,00.000000490000,   3.56000,
,,,00.000000492000,   3.52000,
,,,00.000000494000,   3.56000,
,,,00.000000496000,   3.60000,
,,,00.000000498000,   3.56000,
,,,00.000000500000,   3.56000,
,,,00.000000502000,   3.60000,
,,,00.000000504000,   3.60000,
,,,00.000000506000,   3.60000,
,,,00.000000508000,   3.68000,
,,,00.000000510000,   3.60000,
,,,00.000000512000,   3.60000,
,,,00.000000514000,   3.60000,
,,,00.000000516000,   3.64000,
,,,00.000000518000,   3.64000,
,,,00.000000520000,   3.60000,
,,,00.000000522000,   3.64000,
,,,00.000000524000,   3.64000,
,,,00.000000526000,   3.64000,
,,,00.000000528000,   3.64000,
,,,00.000000530000,   3.60000,
,,,00.000000532000,   3.60000,
,,,00.000000534000,   3.72000,
,,,00.000000536000,   3.72000,
,,,00.000000538000,   3.68000,
,,,00.000000540000,   3.64000,
,,,00.000000542000,   3.64000,
,,,00.000000544000,   3.68000,
,,,00.000000546000,   3.72000,
,,,00.000000548000,   3.72000,
,,,00.000000550000,   3.68000,
,,,00.000000552000,   3.68000,
,,,00.000000554000,   3.68000,
,,,00.000000556000,   3.68000,
,,,00.000000558000,   3.72000,
,,,00.000000560000,   3.72000,
,,,00.000000562000,   3.76000,
,,,00.000000564000,   3.72000,
,,,00.000000566000,   3.76000,
,,,00.000000568000,   3.76000,
,,,00.000000570000,   3.72000,
,,,00.000000572000,   3.72000,
,,,00.000000574000,   3.72000,
,,,00.000000576000,   3.76000,
,,,00.000000578000,   3.76000,
,,,00.000000580000,   3.76000,
,,,00.000000582000,   3.72000,
,,,00.000000584000,   3.72000,
,,,00.000000586000,   3.76000,
,,,00.000000588000,   3.76000,
,,,00.000000590000,   3.76000,
,,,00.000000592000,   3.80000,
,,,00.000000594000,   3.72000,
,,,00.000000596000,   3.80000,
,,,00.000000598000,   3.76000,
,,,00.000000600000,   3.76000,
,,,00.000000602000,   3.76000,
,,,00.000000604000,   3.84000,
,,,00.000000606000,   3.80000,
,,,00.000000608000,   3.76000,
,,,00.000000610000,   3.80000,
,,,00.000000612000,   3.76000,
,,,00.000000614000,   3.76000,
,,,00.000000616000,   3.76000,
,,,00.000000618000,   3.76000,
,,,00.000000620000,   3.80000,
,,,00.000000622000,   3.80000,
,,,00.000000624000,   3.84000,
,,,00.000000626000,   3.84000,
,,,00.000000628000,   3.80000,
,,,00.000000630000,   3.80000,
,,,00.000000632000,   3.80000,
,,,00.000000634000,   3.80000,
,,,00.000000636000,   3.76000,
,,,00.000000638000,   3.80000,
,,,00.000000640000,   3.80000,
,,,00.000000642000,   3.76000,
,,,00.000000644000,   3.76000,
,,,00.000000646000,   3.76000,
,,,00.000000648000,   3.80000,
,,,00.000000650000,   3.76000,
,,,00.000000652000,   3.76000,
,,,00.000000654000,   3.80000,
,,,00.000000656000,   3.80000,
,,,00.000000658000,   3.80000,
,,,00.000000660000,   3.80000,
,,,00.000000662000,   3.80000,
,,,00.000000664000,   3.80000,
,,,00.000000666000,   3.84000,
,,,00.000000668000,   3.76000,
,,,00.000000670000,   3.80000,
,,,00.000000672000,   3.80000,
,,,00.000000674000,   3.80000,
,,,00.000000676000,   3.84000,
,,,00.000000678000,   3.80000,
,,,00.000000680000,   3.84000,
,,,00.000000682000,   3.80000,
,,,00.000000684000,   3.80000,
,,,00.000000686000,   3.80000,
,,,00.000000688000,   3.84000,
,,,00.000000690000,   3.84000,
,,,00.000000692000,   3.80000,
,,,00.000000694000,   3.80000,
,,,00.000000696000,   3.80000,
,,,00.000000698000,   3.80000,
,,,00.000000700000,   3.80000,
,,,00.000000702000,   3.84000,
,,,00.000000704000,   3.84000,
,,,00.000000706000,   3.84000,
,,,00.000000708000,   3.80000,
,,,00.000000710000,   3.84000,
,,,00.000000712000,   3.76000,
,,,00.000000714000,   3.80000,
,,,00.000000716000,   3.84000,
,,,00.000000718000,   3.80000,
,,,00.000000720000,   3.80000,
,,,00.000000722000,   3.84000,
,,,00.000000724000,   3.84000,
,,,00.000000726000,   3.80000,
,,,00.000000728000,   3.84000,
,,,00.000000730000,   3.84000,
,,,00.000000732000,   3.88000,
,,,00.000000734000,   3.84000,
,,,00.000000736000,   3.84000,
,,,00.000000738000,   3.80000,
,,,00.000000740000,   3.84000,
,,,00.000000742000,   3.80000,
,,,00.000000744000,   3.84000,
,,,00.000000746000,   3.80000,
,,,00.000000748000,   3.76000,
,,,00.000000750000,   3.76000,
,,,00.000000752000,   3.80000,
,,,00.000000754000,   3.80000,
,,,00.000000756000,   3.80000,
,,,00.000000758000,   3.80000,
,,,00.000000760000,   3.84000,
,,,00.000000762000,   3.80000,
,,,00.000000764000,   3.84000,
,,,00.000000766000,   3.76000,
,,,00.000000768000,   3.76000,
,,,00.000000770000,   3.76000,
,,,00.000000772000,   3.76000,
,,,00.000000774000,   3.84000,
,,,00.000000776000,   3.80000,
,,,00.000000778000,   3.80000,
,,,00.000000780000,   3.76000,
,,,00.000000782000,   3.76000,
,,,00.000000784000,   3.80000,
,,,00.000000786000,   3.80000,
,,,00.000000788000,   3.76000,
,,,00.000000790000,   3.84000,
,,,00.000000792000,   3.72000,
,,,00.000000794000,   3.80000,
,,,00.000000796000,   3.76000,
,,,00.000000798000,   3.80000,
,,,00.000000800000,   3.72000,
,,,00.000000802000,   3.80000,
,,,00.000000804000,   3.72000,
,,,00.000000806000,   3.76000,
,,,00.000000808000,   3.80000,
,,,00.000000810000,   3.76000,
,,,00.000000812000,   3.76000,
,,,00.000000814000,   3.72000,
,,,00.000000816000,   3.68000,
,,,00.000000818000,   3.72000,
,,,00.000000820000,   3.72000,
,,,00.000000822000,   3.76000,
,,,00.000000824000,   3.76000,
,,,00.000000826000,   3.68000,
,,,00.000000828000,   3.72000,
,,,00.000000830000,   3.72000,
,,,00.000000832000,   3.72000,
,,,00.000000834000,   3.68000,
,,,00.000000836000,   3.72000,
,,,00.000000838000,   3.72000,
,,,00.000000840000,   3.72000,
,,,00.000000842000,   3.68000,
,,,00.000000844000,   3.68000,
,,,00.000000846000,   3.72000,
,,,00.000000848000,   3.64000,
,,,00.000000850000,   3.68000,
,,,00.000000852000,   3.72000,
,,,00.000000854000,   3.68000,
,,,00.000000856000,   3.68000,
,,,00.000000858000,   3.72000,
,,,00.000000860000,   3.68000,
,,,00.000000862000,   3.68000,
,,,00.000000864000,   3.68000,
,,,00.000000866000,   3.64000,
,,,00.000000868000,   3.72000,
,,,00.000000870000,   3.64000,
,,,00.000000872000,   3.64000,
,,,00.000000874000,   3.64000,
,,,00.000000876000,   3.60000,
,,,00.000000878000,   3.64000,
,,,00.000000880000,   3.64000,
,,,00.000000882000,   3.60000,
,,,00.000000884000,   3.64000,
,,,00.000000886000,   3.60000,
,,,00.000000888000,   3.64000,
,,,00.000000890000,   3.64000,
,,,00.000000892000,   3.64000,
,,,00.000000894000,   3.64000,
,,,00.000000896000,   3.60000,
,,,00.000000898000,   3.60000,
,,,00.000000900000,   3.60000,
,,,00.000000902000,   3.60000,
,,,00.000000904000,   3.68000,
,,,00.000000906000,   3.60000,
,,,00.000000908000,   3.60000,
,,,00.000000910000,   3.60000,
,,,00.000000912000,   3.60000,
,,,00.000000914000,   3.56000,
,,,00.000000916000,   3.52000,
,,,00.000000918000,   3.60000,
,,,00.000000920000,   3.56000,
,,,00.000000922000,   3.56000,
,,,00.000000924000,   3.52000,
,,,00.000000926000,   3.52000,
,,,00.000000928000,   3.56000,
,,,00.000000930000,   3.64000,
,,,00.000000932000,   3.60000,
,,,00.000000934000,   3.52000,
,,,00.000000936000,   3.52000,
,,,00.000000938000,   3.52000,
,,,00.000000940000,   3.60000,
,,,00.000000942000,   3.56000,
,,,00.000000944000,   3.56000,
,,,00.000000946000,   3.52000,
,,,00.000000948000,   3.52000,
,,,00.000000950000,   3.48000,
,,,00.000000952000,   3.52000,
,,,00.000000954000,   3.52000,
,,,00.000000956000,   3.48000,
,,,00.000000958000,   3.52000,
,,,00.000000960000,   3.48000,
,,,00.000000962000,   3.52000,
,,,00.000000964000,   3.48000,
,,,00.000000966000,   3.48000,
,,,00.000000968000,   3.48000,
,,,00.000000970000,   3.44000,
,,,00.000000972000,   3.48000,
,,,00.000000974000,   3.48000,
,,,00.000000976000,   3.44000,
,,,00.000000978000,   3.48000,
,,,00.000000980000,   3.40000,
,,,00.000000982000,   3.44000,
,,,00.000000984000,   3.44000,
,,,00.000000986000,   3.40000,
,,,00.000000988000,   3.40000,
,,,00.000000990000,   3.36000,
,,,00.000000992000,   3.44000,
,,,00.000000994000,   3.44000,
,,,00.000000996000,   3.36000,
,,,00.000000998000,   3.40000,
,,,00.000001000000,   3.36000,
,,,00.000001002000,   3.40000,
,,,00.000001004000,   3.36000,
,,,00.000001006000,   3.40000,
,,,00.000001008000,   3.36000,
,,,00.000001010000,   3.36000,
,,,00.000001012000,   3.32000,
,,,00.000001014000,   3.36000,
,,,00.000001016000,   3.32000,
,,,00.000001018000,   3.36000,
,,,00.000001020000,   3.36000,
,,,00.000001022000,   3.40000,
,,,00.000001024000,   3.32000,
,,,00.000001026000,   3.32000,
,,,00.000001028000,   3.32000,
,,,00.000001030000,   3.32000,
,,,00.000001032000,   3.28000,
,,,00.000001034000,   3.28000,
,,,00.000001036000,   3.32000,
,,,00.000001038000,   3.28000,
,,,00.000001040000,   3.28000,
,,,00.000001042000,   3.28000,
,,,00.000001044000,   3.28000,
,,,00.000001046000,   3.24000,
,,,00.000001048000,   3.28000,
,,,00.000001050000,   3.28000,
,,,00.000001052000,   3.24000,
,,,00.000001054000,   3.24000,
,,,00.000001056000,   3.24000,
,,,00.000001058000,   3.24000,
,,,00.000001060000,   3.20000,
,,,00.000001062000,   3.28000,
,,,00.000001064000,   3.28000,
,,,00.000001066000,   3.24000,
,,,00.000001068000,   3.20000,
,,,00.000001070000,   3.24000,
,,,00.000001072000,   3.20000,
,,,00.000001074000,   3.20000,
,,,00.000001076000,   3.16000,
,,,00.000001078000,   3.12000,
,,,00.000001080000,   3.20000,
,,,00.000001082000,   3.16000,
,,,00.000001084000,   3.16000,
,,,00.000001086000,   3.16000,
,,,00.000001088000,   3.16000,
,,,00.000001090000,   3.12000,
,,,00.000001092000,   3.16000,
,,,00.000001094000,   3.16000,
,,,00.000001096000,   3.12000,
,,,00.000001098000,   3.12000,
,,,00.000001100000,   3.12000,
,,,00.000001102000,   3.16000,
,,,00.000001104000,   3.08000,
,,,00.000001106000,   3.12000,
,,,00.000001108000,   3.16000,
,,,00.000001110000,   3.12000,
,,,00.000001112000,   3.08000,
,,,00.000001114000,   3.12000,
,,,00.000001116000,   3.08000,
,,,00.000001118000,   3.08000,
,,,00.000001120000,   3.04000,
,,,00.000001122000,   3.04000,
,,,00.000001124000,   3.04000,
,,,00.000001126000,   3.04000,
,,,00.000001128000,   3.04000,
,,,00.000001130000,   3.00000,
,,,00.000001132000,   3.04000,
,,,00.000001134000,   3.00000,
,,,00.000001136000,   3.00000,
,,,00.000001138000,   3.04000,
,,,00.000001140000,   3.08000,
,,,00.000001142000,   3.04000,
,,,00.000001144000,   3.04000,
,,,00.000001146000,   3.00000,
,,,00.000001148000,   3.00000,
,,,00.000001150000,   3.00000,
,,,00.000001152000,   3.00000,
,,,00.000001154000,   3.00000,
,,,00.000001156000,   3.00000,
,,,00.000001158000,   2.96000,
,,,00.000001160000,   2.96000,
,,,00.000001162000,   2.92000,
,,,00.000001164000,   2.92000,
,,,00.000001166000,   2.92000,
,,,00.000001168000,   2.92000,
,,,00.000001170000,   2.96000,
,,,00.000001172000,   2.96000,
,,,00.000001174000,   2.92000,
,,,00.000001176000,   2.92000,
,,,00.000001178000,   2.88000,
,,,00.000001180000,   2.92000,
,,,00.000001182000,   2.92000,
,,,00.000001184000,   2.88000,
,,,00.000001186000,   2.92000,
,,,00.000001188000,   2.88000,
,,,00.000001190000,   2.88000,
,,,00.000001192000,   2.88000,
,,,00.000001194000,   2.84000,
,,,00.000001196000,   2.84000,
,,,00.000001198000,   2.84000,
,,,00.000001200000,   2.84000,
,,,00.000001202000,   2.84000,
,,,00.000001204000,   2.88000,
,,,00.000001206000,   2.80000,
,,,00.000001208000,   2.88000,
,,,00.000001210000,   2.80000,
,,,00.000001212000,   2.84000,
,,,00.000001214000,   2.80000,
,,,00.000001216000,   2.80000,
,,,00.000001218000,   2.84000,
,,,00.000001220000,   2.84000,
,,,00.000001222000,   2.76000,
,,,00.000001224000,   2.76000,
,,,00.000001226000,   2.80000,
,,,00.000001228000,   2.76000,
,,,00.000001230000,   2.72000,
,,,00.000001232000,   2.68000,
,,,00.000001234000,   2.72000,
,,,00.000001236000,   2.76000,
,,,00.000001238000,   2.72000,
,,,00.000001240000,   2.72000,
,,,00.000001242000,   2.76000,
,,,00.000001244000,   2.76000,
,,,00.000001246000,   2.68000,
,,,00.000001248000,   2.72000,
,,,00.000001250000,   2.68000,
,,,00.000001252000,   2.64000,
,,,00.000001254000,   2.72000,
,,,00.000001256000,   2.68000,
,,,00.000001258000,   2.64000,
,,,00.000001260000,   2.68000,
,,,00.000001262000,   2.64000,
,,,00.000001264000,   2.68000,
,,,00.000001266000,   2.64000,
,,,00.000001268000,   2.68000,
,,,00.000001270000,   2.68000,
,,,00.000001272000,   2.68000,
,,,00.000001274000,   2.64000,
,,,00.000001276000,   2.68000,
,,,00.000001278000,   2.64000,
,,,00.000001280000,   2.60000,
,,,00.000001282000,   2.56000,
,,,00.000001284000,   2.60000,
,,,00.000001286000,   2.56000,
,,,00.000001288000,   2.56000,
,,,00.000001290000,   2.64000,
,,,00.000001292000,   2.60000,
,,,00.000001294000,   2.52000,
,,,00.000001296000,   2.56000,
,,,00.000001298000,   2.56000,
,,,00.000001300000,   2.60000,
,,,00.000001302000,   2.52000,
,,,00.000001304000,   2.48000,
,,,00.000001306000,   2.52000,
,,,00.000001308000,   2.56000,
,,,00.000001310000,   2.48000,
,,,00.000001312000,   2.52000,
,,,00.000001314000,   2.48000,
,,,00.000001316000,   2.48000,
,,,00.000001318000,   2.48000,
,,,00.000001320000,   2.44000,
,,,00.000001322000,   2.44000,
,,,00.000001324000,   2.48000,
,,,00.000001326000,   2.48000,
,,,00.000001328000,   2.44000,
,,,00.000001330000,   2.48000,
,,,00.000001332000,   2.44000,
,,,00.000001334000,   2.44000,
,,,00.000001336000,   2.48000,
,,,00.000001338000,   2.52000,
,,,00.000001340000,   2.44000,
,,,00.000001342000,   2.44000,
,,,00.000001344000,   2.44000,
,,,00.000001346000,   2.40000,
,,,00.000001348000,   2.40000,
,,,00.000001350000,   2.36000,
,,,00.000001352000,   2.36000,
,,,00.000001354000,   2.40000,
,,,00.000001356000,   2.44000,
,,,00.000001358000,   2.40000,
,,,00.000001360000,   2.32000,
,,,00.000001362000,   2.32000,
,,,00.000001364000,   2.32000,
,,,00.000001366000,   2.36000,
,,,00.000001368000,   2.40000,
,,,00.000001370000,   2.40000,
,,,00.000001372000,   2.36000,
,,,00.000001374000,   2.36000,
,,,00.000001376000,   2.32000,
,,,00.000001378000,   2.32000,
,,,00.000001380000,   2.36000,
,,,00.000001382000,   2.28000,
,,,00.000001384000,   2.32000,
,,,00.000001386000,   2.24000,
,,,00.000001388000,   2.32000,
,,,00.000001390000,   2.28000,
,,,00.000001392000,   2.28000,
,,,00.000001394000,   2.24000,
,,,00.000001396000,   2.24000,
,,,00.000001398000,   2.28000,
,,,00.000001400000,   2.28000,
,,,00.000001402000,   2.28000,
,,,00.000001404000,   2.28000,
,,,00.000001406000,   2.24000,
,,,00.000001408000,   2.24000,
,,,00.000001410000,   2.20000,
,,,00.000001412000,   2.16000,
,,,00.000001414000,   2.20000,
,,,00.000001416000,   2.20000,
,,,00.000001418000,   2.24000,
,,,00.000001420000,   2.20000,
,,,00.000001422000,   2.24000,
,,,00.000001424000,   2.20000,
,,,00.000001426000,   2.16000,
,,,00.000001428000,   2.16000,
,,,00.000001430000,   2.20000,
,,,00.000001432000,   2.12000,
,,,00.000001434000,   2.16000,
,,,00.000001436000,   2.12000,
,,,00.000001438000,   2.16000,
,,,00.000001440000,   2.12000,
,,,00.000001442000,   2.12000,
,,,00.000001444000,   2.12000,
,,,00.000001446000,   2.08000,
,,,00.000001448000,   2.08000,
,,,00.000001450000,   2.08000,
,,,00.000001452000,   2.16000,
,,,00.000001454000,   2.12000,
,,,00.000001456000,   2.08000,
,,,00.000001458000,   2.04000,
,,,00.000001460000,   2.12000,
,,,00.000001462000,   2.08000,
,,,00.000001464000,   2.08000,
,,,00.000001466000,   2.12000,
,,,00.000001468000,   2.08000,
,,,00.000001470000,   2.04000,
,,,00.000001472000,   2.04000,
,,,00.000001474000,   2.00000,
,,,00.000001476000,   2.00000,
,,,00.000001478000,   2.04000,
,,,00.000001480000,   2.00000,
,,,00.000001482000,   2.04000,
,,,00.000001484000,   2.00000,
,,,00.000001486000,   2.00000,
,,,00.000001488000,   2.00000,
,,,00.000001490000,   2.00000,
,,,00.000001492000,   1.96000,
,,,00.000001494000,   2.00000,
,,,00.000001496000,   2.00000,
,,,00.000001498000,   2.04000,
,,,00.000001500000,   1.96000,
,,,00.000001502000,   1.92000,
,,,00.000001504000,   1.96000,
,,,00.000001506000,   1.92000,
,,,00.000001508000,   1.96000,
,,,00.000001510000,   1.92000,
,,,00.000001512000,   1.96000,
,,,00.000001514000,   1.88000,
,,,00.000001516000,   1.88000,
,,,00.000001518000,   1.88000,
,,,00.000001520000,   1.88000,
,,,00.000001522000,   1.88000,
,,,00.000001524000,   1.92000,
,,,00.000001526000,   1.88000,
,,,00.000001528000,   1.84000,
,,,00.000001530000,   1.92000,
,,,00.000001532000,   1.88000,
,,,00.000001534000,   1.92000,
,,,00.000001536000,   1.92000,
,,,00.000001538000,   1.92000,
,,,00.000001540000,   1.84000,
,,,00.000001542000,   1.80000,
,,,00.000001544000,   1.76000,
,,,00.000001546000,   1.84000,
,,,00.000001548000,   1.80000,
,,,00.000001550000,   1.84000,
,,,00.000001552000,   1.84000,
,,,00.000001554000,   1.88000,
,,,00.000001556000,   1.84000,
,,,00.000001558000,   1.76000,
,,,00.000001560000,   1.80000,
,,,00.000001562000,   1.76000,
,,,00.000001564000,   1.80000,
,,,00.000001566000,   1.88000,
,,,00.000001568000,   1.88000,
,,,00.000001570000,   1.80000,
,,,00.000001572000,   1.80000,
,,,00.000001574000,   1.76000,
,,,00.000001576000,   1.76000,
,,,00.000001578000,   1.80000,
,,,00.000001580000,   1.72000,
,,,00.000001582000,   1.80000,
,,,00.000001584000,   1.72000,
,,,00.000001586000,   1.80000,
,,,00.000001588000,   1.76000,
,,,00.000001590000,   1.68000,
,,,00.000001592000,   1.68000,
,,,00.000001594000,   1.72000,
,,,00.000001596000,   1.68000,
,,,00.000001598000,   1.72000,
,,,00.000001600000,   1.72000,
,,,00.000001602000,   1.72000,
,,,00.000001604000,   1.72000,
,,,00.000001606000,   1.64000,
,,,00.000001608000,   1.64000,
,,,00.000001610000,   1.72000,
,,,00.000001612000,   1.68000,
,,,00.000001614000,   1.68000,
,,,00.000001616000,   1.68000,
,,,00.000001618000,   1.68000,
,,,00.000001620000,   1.64000,
,,,00.000001622000,   1.64000,
,,,00.000001624000,   1.56000,
,,,00.000001626000,   1.60000,
,,,00.000001628000,   1.60000,
,,,00.000001630000,   1.56000,
,,,00.000001632000,   1.60000,
,,,00.000001634000,   1.60000,
,,,00.000001636000,   1.60000,
,,,00.000001638000,   1.56000,
,,,00.000001640000,   1.64000,
,,,00.000001642000,   1.60000,
,,,00.000001644000,   1.60000,
,,,00.000001646000,   1.52000,
,,,00.000001648000,   1.56000,
,,,00.000001650000,   1.64000,
,,,00.000001652000,   1.52000,
,,,00.000001654000,   1.52000,
,,,00.000001656000,   1.60000,
,,,00.000001658000,   1.52000,
,,,00.000001660000,   1.52000,
,,,00.000001662000,   1.52000,
,,,00.000001664000,   1.60000,
,,,00.000001666000,   1.56000,
,,,00.000001668000,   1.56000,
,,,00.000001670000,   1.52000,
,,,00.000001672000,   1.52000,
,,,00.000001674000,   1.56000,
,,,00.000001676000,   1.56000,
,,,00.000001678000,   1.48000,
,,,00.000001680000,   1.48000,
,,,00.000001682000,   1.48000,
,,,00.000001684000,   1.48000,
,,,00.000001686000,   1.52000,
,,,00.000001688000,   1.48000,
,,,00.000001690000,   1.44000,
,,,00.000001692000,   1.40000,
,,,00.000001694000,   1.48000,
,,,00.000001696000,   1.52000,
,,,00.000001698000,   1.48000,
,,,00.000001700000,   1.40000,
,,,00.000001702000,   1.44000,
,,,00.000001704000,   1.48000,
,,,00.000001706000,   1.44000,
,,,00.000001708000,   1.44000,
,,,00.000001710000,   1.40000,
,,,00.000001712000,   1.40000,
,,,00.000001714000,   1.44000,
,,,00.000001716000,   1.40000,
,,,00.000001718000,   1.40000,
,,,00.000001720000,   1.36000,
,,,00.000001722000,   1.44000,
,,,00.000001724000,   1.40000,
,,,00.000001726000,   1.36000,
,,,00.000001728000,   1.40000,
,,,00.000001730000,   1.40000,
,,,00.000001732000,   1.44000,
,,,00.000001734000,   1.40000,
,,,00.000001736000,   1.40000,
,,,00.000001738000,   1.40000,
,,,00.000001740000,   1.36000,
,,,00.000001742000,   1.32000,
,,,00.000001744000,   1.32000,
,,,00.000001746000,   1.36000,
,,,00.000001748000,   1.32000,
,,,00.000001750000,   1.36000,
,,,00.000001752000,   1.36000,
,,,00.000001754000,   1.32000,
,,,00.000001756000,   1.32000,
,,,00.000001758000,   1.28000,
,,,00.000001760000,   1.32000,
,,,00.000001762000,   1.32000,
,,,00.000001764000,   1.36000,
,,,00.000001766000,   1.32000,
,,,00.000001768000,   1.32000,
,,,00.000001770000,   1.32000,
,,,00.000001772000,   1.32000,
,,,00.000001774000,   1.28000,
,,,00.000001776000,   1.32000,
,,,00.000001778000,   1.28000,
,,,00.000001780000,   1.36000,
,,,00.000001782000,   1.24000,
,,,00.000001784000,   1.28000,
,,,00.000001786000,   1.24000,
,,,00.000001788000,   1.24000,
,,,00.000001790000,   1.24000,
,,,00.000001792000,   1.20000,
,,,00.000001794000,   1.24000,
,,,00.000001796000,   1.24000,
,,,00.000001798000,   1.28000,
,,,00.000001800000,   1.24000,
,,,00.000001802000,   1.28000,
,,,00.000001804000,   1.24000,
,,,00.000001806000,   1.20000,
,,,00.000001808000,   1.20000,
,,,00.000001810000,   1.20000,
,,,00.000001812000,   1.24000,
,,,00.000001814000,   1.24000,
,,,00.000001816000,   1.20000,
,,,00.000001818000,   1.20000,
,,,00.000001820000,   1.16000,
,,,00.000001822000,   1.16000,
,,,00.000001824000,   1.16000,
,,,00.000001826000,   1.16000,
,,,00.000001828000,   1.20000,
,,,00.000001830000,   1.16000,
,,,00.000001832000,   1.16000,
,,,00.000001834000,   1.16000,
,,,00.000001836000,   1.16000,
,,,00.000001838000,   1.12000,
,,,00.000001840000,   1.16000,
,,,00.000001842000,   1.12000,
,,,00.000001844000,   1.12000,
,,,00.000001846000,   1.16000,
,,,00.000001848000,   1.16000,
,,,00.000001850000,   1.12000,
,,,00.000001852000,   1.12000,
,,,00.000001854000,   1.08000,
,,,00.000001856000,   1.08000,
,,,00.000001858000,   1.12000,
,,,00.000001860000,   1.16000,
,,,00.000001862000,   1.20000,
,,,00.000001864000,   1.12000,
,,,00.000001866000,   1.12000,
,,,00.000001868000,   1.08000,
,,,00.000001870000,   1.08000,
,,,00.000001872000,   1.08000,
,,,00.000001874000,   1.08000,
,,,00.000001876000,   1.08000,
,,,00.000001878000,   1.08000,
,,,00.000001880000,   1.08000,
,,,00.000001882000,   1.04000,
,,,00.000001884000,   1.04000,
,,,00.000001886000,   1.04000,
,,,00.000001888000,   1.00000,
,,,00.000001890000,   1.04000,
,,,00.000001892000,   1.04000,
,,,00.000001894000,   1.08000,
,,,00.000001896000,   1.00000,
,,,00.000001898000,   1.00000,
,,,00.000001900000,   1.04000,
,,,00.000001902000,   1.04000,
,,,00.000001904000,   1.00000,
,,,00.000001906000,   1.04000,
,,,00.000001908000,   1.00000,
,,,00.000001910000,   1.00000,
,,,00.000001912000,   0.96000,
,,,00.000001914000,   1.00000,
,,,00.000001916000,   0.96000,
,,,00.000001918000,   1.00000,
,,,00.000001920000,   1.04000,
,,,00.000001922000,   1.00000,
,,,00.000001924000,   0.96000,
,,,00.000001926000,   0.96000,
,,,00.000001928000,   0.96000,
,,,00.000001930000,   1.04000,
,,,00.000001932000,   1.04000,
,,,00.000001934000,   0.96000,
,,,00.000001936000,   1.00000,
,,,00.000001938000,   0.96000,
,,,00.000001940000,   0.96000,
,,,00.000001942000,   0.96000,
,,,00.000001944000,   0.88000,
,,,00.000001946000,   0.92000,
,,,00.000001948000,   1.04000,
,,,00.000001950000,   0.96000,
,,,00.000001952000,   0.96000,
,,,00.000001954000,   0.88000,
,,,00.000001956000,   0.92000,
,,,00.000001958000,   0.92000,
,,,00.000001960000,   0.92000,
,,,00.000001962000,   1.00000,
,,,00.000001964000,   0.96000,
,,,00.000001966000,   0.92000,
,,,00.000001968000,   0.96000,
,,,00.000001970000,   0.88000,
,,,00.000001972000,   0.84000,
,,,00.000001974000,   0.92000,
,,,00.000001976000,   0.88000,
,,,00.000001978000,   0.96000,
,,,00.000001980000,   0.88000,
,,,00.000001982000,   0.92000,
,,,00.000001984000,   0.92000,
,,,00.000001986000,   0.84000,
,,,00.000001988000,   0.92000,
,,,00.000001990000,   0.88000,
,,,00.000001992000,   0.88000,
,,,00.000001994000,   0.92000,
,,,00.000001996000,   0.88000,
,,,00.000001998000,   0.84000,
,,,00.000002000000,   0.84000,
,,,00.000002002000,   0.84000,
,,,00.000002004000,   0.84000,
,,,00.000002006000,   0.84000,
,,,00.000002008000,   0.80000,
,,,00.000002010000,   0.92000,
,,,00.000002012000,   0.84000,
,,,00.000002014000,   0.84000,
,,,00.000002016000,   0.84000,
,,,00.000002018000,   0.84000,
,,,00.000002020000,   0.80000,
,,,00.000002022000,   0.76000,
,,,00.000002024000,   0.84000,
,,,00.000002026000,   0.80000,
,,,00.000002028000,   0.76000,
,,,00.000002030000,   0.80000,
,,,00.000002032000,   0.76000,
,,,00.000002034000,   0.80000,
,,,00.000002036000,   0.80000,
,,,00.000002038000,   0.80000,
,,,00.000002040000,   0.72000,
,,,00.000002042000,   0.76000,
,,,00.000002044000,   0.80000,
,,,00.000002046000,   0.80000,
,,,00.000002048000,   0.76000,
,,,00.000002050000,   0.76000,
,,,00.000002052000,   0.76000,
,,,00.000002054000,   0.76000,
,,,00.000002056000,   0.76000,
,,,00.000002058000,   0.76000,
,,,00.000002060000,   0.80000,
,,,00.000002062000,   0.80000,
,,,00.000002064000,   0.76000,
,,,00.000002066000,   0.76000,
,,,00.000002068000,   0.76000,
,,,00.000002070000,   0.76000,
,,,00.000002072000,   0.72000,
,,,00.000002074000,   0.72000,
,,,00.000002076000,   0.72000,
,,,00.000002078000,   0.68000,
,,,00.000002080000,   0.72000,
,,,00.000002082000,   0.72000,
,,,00.000002084000,   0.72000,
,,,00.000002086000,   0.68000,
,,,00.000002088000,   0.68000,
,,,00.000002090000,   0.72000,
,,,00.000002092000,   0.72000,
,,,00.000002094000,   0.72000,
,,,00.000002096000,   0.72000,
,,,00.000002098000,   0.64000,
,,,00.000002100000,   0.68000,
,,,00.000002102000,   0.72000,
,,,00.000002104000,   0.68000,
,,,00.000002106000,   0.68000,
,,,00.000002108000,   0.64000,
,,,00.000002110000,   0.64000,
,,,00.000002112000,   0.68000,
,,,00.000002114000,   0.64000,
,,,00.000002116000,   0.76000,
,,,00.000002118000,   0.72000,
,,,00.000002120000,   0.64000,
,,,00.000002122000,   0.68000,
,,,00.000002124000,   0.64000,
,,,00.000002126000,   0.68000,
,,,00.000002128000,   0.68000,
,,,00.000002130000,   0.64000,
,,,00.000002132000,   0.68000,
,,,00.000002134000,   0.68000,
,,,00.000002136000,   0.64000,
,,,00.000002138000,   0.60000,
,,,00.000002140000,   0.64000,
,,,00.000002142000,   0.64000,
,,,00.000002144000,   0.60000,
,,,00.000002146000,   0.68000,
,,,00.000002148000,   0.68000,
,,,00.000002150000,   0.68000,
,,,00.000002152000,   0.64000,
,,,00.000002154000,   0.60000,
,,,00.000002156000,   0.60000,
,,,00.000002158000,   0.60000,
,,,00.000002160000,   0.64000,
,,,00.000002162000,   0.68000,
,,,00.000002164000,   0.60000,
,,,00.000002166000,   0.64000,
,,,00.000002168000,   0.60000,
,,,00.000002170000,   0.60000,
,,,00.000002172000,   0.64000,
,,,00.000002174000,   0.60000,
,,,00.000002176000,   0.68000,
,,,00.000002178000,   0.60000,
,,,00.000002180000,   0.60000,
,,,00.000002182000,   0.56000,
,,,00.000002184000,   0.56000,
,,,00.000002186000,   0.56000,
,,,00.000002188000,   0.60000,
,,,00.000002190000,   0.60000,
,,,00.000002192000,   0.60000,
,,,00.000002194000,   0.64000,
,,,00.000002196000,   0.60000,
,,,00.000002198000,   0.64000,
,,,00.000002200000,   0.52000,
,,,00.000002202000,   0.56000,
,,,00.000002204000,   0.52000,
,,,00.000002206000,   0.56000,
,,,00.000002208000,   0.56000,
,,,00.000002210000,   0.60000,
,,,00.000002212000,   0.56000,
,,,00.000002214000,   0.52000,
,,,00.000002216000,   0.56000,
,,,00.000002218000,   0.52000,
,,,00.000002220000,   0.56000,
,,,00.000002222000,   0.48000,
,,,00.000002224000,   0.52000,
,,,00.000002226000,   0.60000,
,,,00.000002228000,   0.56000,
,,,00.000002230000,   0.52000,
,,,00.000002232000,   0.56000,
,,,00.000002234000,   0.52000,
,,,00.000002236000,   0.52000,
,,,00.000002238000,   0.48000,
,,,00.000002240000,   0.48000,
,,,00.000002242000,   0.48000,
,,,00.000002244000,   0.52000,
,,,00.000002246000,   0.52000,
,,,00.000002248000,   0.52000,
,,,00.000002250000,   0.48000,
,,,00.000002252000,   0.56000,
,,,00.000002254000,   0.48000,
,,,00.000002256000,   0.52000,
,,,00.000002258000,   0.52000,
,,,00.000002260000,   0.52000,
,,,00.000002262000,   0.52000,
,,,00.000002264000,   0.48000,
,,,00.000002266000,   0.52000,
,,,00.000002268000,   0.48000,
,,,00.000002270000,   0.48000,
,,,00.000002272000,   0.48000,
,,,00.000002274000,   0.48000,
,,,00.000002276000,   0.48000,
,,,00.000002278000,   0.44000,
,,,00.000002280000,   0.48000,
,,,00.000002282000,   0.44000,
,,,00.000002284000,   0.44000,
,,,00.000002286000,   0.44000,
,,,00.000002288000,   0.48000,
,,,00.000002290000,   0.52000,
,,,00.000002292000,   0.48000,
,,,00.000002294000,   0.52000,
,,,00.000002296000,   0.48000,
,,,00.000002298000,   0.52000,
,,,00.000002300000,   0.44000,
,,,00.000002302000,   0.48000,
,,,00.000002304000,   0.44000,
,,,00.000002306000,   0.48000,
,,,00.000002308000,   0.44000,
,,,00.000002310000,   0.48000,
,,,00.000002312000,   0.44000,
,,,00.000002314000,   0.48000,
,,,00.000002316000,   0.48000,
,,,00.000002318000,   0.44000,
,,,00.000002320000,   0.44000,
,,,00.000002322000,   0.44000,
,,,00.000002324000,   0.44000,
,,,00.000002326000,   0.44000,
,,,00.000002328000,   0.48000,
,,,00.000002330000,   0.44000,
,,,00.000002332000,   0.44000,
,,,00.000002334000,   0.44000,
,,,00.000002336000,   0.40000,
,,,00.000002338000,   0.40000,
,,,00.000002340000,   0.44000,
,,,00.000002342000,   0.40000,
,,,00.000002344000,   0.48000,
,,,00.000002346000,   0.44000,
,,,00.000002348000,   0.48000,
,,,00.000002350000,   0.40000,
,,,00.000002352000,   0.40000,
,,,00.000002354000,   0.40000,
,,,00.000002356000,   0.44000,
,,,00.000002358000,   0.48000,
,,,00.000002360000,   0.44000,
,,,00.000002362000,   0.40000,
,,,00.000002364000,   0.44000,
,,,00.000002366000,   0.36000,
,,,00.000002368000,   0.40000,
,,,00.000002370000,   0.44000,
,,,00.000002372000,   0.40000,
,,,00.000002374000,   0.40000,
,,,00.000002376000,   0.40000,
,,,00.000002378000,   0.40000,
,,,00.000002380000,   0.40000,
,,,00.000002382000,   0.40000,
,,,00.000002384000,   0.36000,
,,,00.000002386000,   0.32000,
,,,00.000002388000,   0.40000,
,,,00.000002390000,   0.40000,
,,,00.000002392000,   0.44000,
,,,00.000002394000,   0.40000,
,,,00.000002396000,   0.36000,
,,,00.000002398000,   0.36000,
,,,00.000002400000,   0.36000,
,,,00.000002402000,   0.36000,
,,,00.000002404000,   0.40000,
,,,00.000002406000,   0.40000,
,,,00.000002408000,   0.40000,
,,,00.000002410000,   0.36000,
,,,00.000002412000,   0.32000,
,,,00.000002414000,   0.40000,
,,,00.000002416000,   0.32000,
,,,00.000002418000,   0.32000,
,,,00.000002420000,   0.32000,
,,,00.000002422000,   0.32000,
,,,00.000002424000,   0.36000,
,,,00.000002426000,   0.32000,
,,,00.000002428000,   0.32000,
,,,00.000002430000,   0.36000,
,,,00.000002432000,   0.36000,
,,,00.000002434000,   0.36000,
,,,00.000002436000,   0.32000,
,,,00.000002438000,   0.28000,
,,,00.000002440000,   0.36000,
,,,00.000002442000,   0.36000,
,,,00.000002444000,   0.32000,
,,,00.000002446000,   0.32000,
,,,00.000002448000,   0.28000,
,,,00.000002450000,   0.28000,
,,,00.000002452000,   0.32000,
,,,00.000002454000,   0.32000,
,,,00.000002456000,   0.36000,
,,,00.000002458000,   0.36000,
,,,00.000002460000,   0.32000,
,,,00.000002462000,   0.28000,
,,,00.000002464000,   0.32000,
,,,00.000002466000,   0.32000,
,,,00.000002468000,   0.32000,
,,,00.000002470000,   0.32000,
,,,00.000002472000,   0.32000,
,,,00.000002474000,   0.24000,
,,,00.000002476000,   0.28000,
,,,00.000002478000,   0.28000,
,,,00.000002480000,   0.32000,
,,,00.000002482000,   0.32000,
,,,00.000002484000,   0.28000,
,,,00.000002486000,   0.28000,
,,,00.000002488000,   0.32000,
,,,00.000002490000,   0.32000,
,,,00.000002492000,   0.32000,
,,,00.000002494000,   0.32000,
,,,00.000002496000,   0.28000,
,,,00.000002498000,   0.32000,
,,,00.000002500000,   0.28000,
,,,00.000002502000,   0.24000,
,,,00.000002504000,   0.28000,
,,,00.000002506000,   0.32000,
,,,00.000002508000,   0.28000,
,,,00.000002510000,   0.28000,
,,,00.000002512000,   0.28000,
,,,00.000002514000,   0.32000,
,,,00.000002516000,   0.24000,
,,,00.000002518000,   0.28000,
,,,00.000002520000,   0.28000,
,,,00.000002522000,   0.28000,
,,,00.000002524000,   0.32000,
,,,00.000002526000,   0.32000,
,,,00.000002528000,   0.28000,
,,,00.000002530000,   0.24000,
,,,00.000002532000,   0.28000,
,,,00.000002534000,   0.24000,
,,,00.000002536000,   0.28000,
,,,00.000002538000,   0.28000,
,,,00.000002540000,   0.28000,
,,,00.000002542000,   0.28000,
,,,00.000002544000,   0.28000,
,,,00.000002546000,   0.32000,
,,,00.000002548000,   0.28000,
,,,00.000002550000,   0.24000,
,,,00.000002552000,   0.28000,
,,,00.000002554000,   0.24000,
,,,00.000002556000,   0.28000,
,,,00.000002558000,   0.28000,
,,,00.000002560000,   0.24000,
,,,00.000002562000,   0.28000,
,,,00.000002564000,   0.24000,
,,,00.000002566000,   0.24000,
,,,00.000002568000,   0.28000,
,,,00.000002570000,   0.24000,
,,,00.000002572000,   0.28000,
,,,00.000002574000,   0.24000,
,,,00.000002576000,   0.28000,
,,,00.000002578000,   0.20000,
,,,00.000002580000,   0.24000,
,,,00.000002582000,   0.20000,
,,,00.000002584000,   0.24000,
,,,00.000002586000,   0.20000,
,,,00.000002588000,   0.24000,
,,,00.000002590000,   0.24000,
,,,00.000002592000,   0.24000,
,,,00.000002594000,   0.28000,
,,,00.000002596000,   0.20000,
,,,00.000002598000,   0.20000,
,,,00.000002600000,   0.20000,
,,,00.000002602000,   0.20000,
,,,00.000002604000,   0.20000,
,,,00.000002606000,   0.24000,
,,,00.000002608000,   0.24000,
,,,00.000002610000,   0.24000,
,,,00.000002612000,   0.20000,
,,,00.000002614000,   0.20000,
,,,00.000002616000,   0.16000,
,,,00.000002618000,   0.24000,
,,,00.000002620000,   0.20000,
,,,00.000002622000,   0.20000,
,,,00.000002624000,   0.20000,
,,,00.000002626000,   0.20000,
,,,00.000002628000,   0.20000,
,,,00.000002630000,   0.16000,
,,,00.000002632000,   0.20000,
,,,00.000002634000,   0.20000,
,,,00.000002636000,   0.20000,
,,,00.000002638000,   0.20000,
,,,00.000002640000,   0.24000,
,,,00.000002642000,   0.20000,
,,,00.000002644000,   0.20000,
,,,00.000002646000,   0.16000,
,,,00.000002648000,   0.20000,
,,,00.000002650000,   0.16000,
,,,00.000002652000,   0.20000,
,,,00.000002654000,   0.24000,
,,,00.000002656000,   0.28000,
,,,00.000002658000,   0.16000,
,,,00.000002660000,   0.12000,
,,,00.000002662000,   0.20000,
,,,00.000002664000,   0.16000,
,,,00.000002666000,   0.20000,
,,,00.000002668000,   0.20000,
,,,00.000002670000,   0.24000,
,,,00.000002672000,   0.12000,
,,,00.000002674000,   0.16000,
,,,00.000002676000,   0.12000,
,,,00.000002678000,   0.16000,
,,,00.000002680000,   0.12000,
,,,00.000002682000,   0.16000,
,,,00.000002684000,   0.16000,
,,,00.000002686000,   0.20000,
,,,00.000002688000,   0.20000,
,,,00.000002690000,   0.16000,
,,,00.000002692000,   0.16000,
,,,00.000002694000,   0.20000,
,,,00.000002696000,   0.16000,
,,,00.000002698000,   0.12000,
,,,00.000002700000,   0.16000,
,,,00.000002702000,   0.12000,
,,,00.000002704000,   0.12000,
,,,00.000002706000,   0.12000,
,,,00.000002708000,   0.12000,
,,,00.000002710000,   0.16000,
,,,00.000002712000,   0.20000,
,,,00.000002714000,   0.12000,
,,,00.000002716000,   0.16000,
,,,00.000002718000,   0.12000,
,,,00.000002720000,   0.16000,
,,,00.000002722000,   0.20000,
,,,00.000002724000,   0.20000,
,,,00.000002726000,   0.12000,
,,,00.000002728000,   0.16000,
,,,00.000002730000,   0.12000,
,,,00.000002732000,   0.12000,
,,,00.000002734000,   0.12000,
,,,00.000002736000,   0.16000,
,,,00.000002738000,   0.16000,
,,,00.000002740000,   0.20000,
,,,00.000002742000,   0.12000,
,,,00.000002744000,   0.20000,
,,,00.000002746000,   0.12000,
,,,00.000002748000,   0.08000,
,,,00.000002750000,   0.08000,
,,,00.000002752000,   0.16000,
,,,00.000002754000,   0.20000,
,,,00.000002756000,   0.16000,
,,,00.000002758000,   0.12000,
,,,00.000002760000,   0.16000,
,,,00.000002762000,   0.16000,
,,,00.000002764000,   0.12000,
,,,00.000002766000,   0.16000,
,,,00.000002768000,   0.12000,
,,,00.000002770000,   0.20000,
,,,00.000002772000,   0.12000,
,,,00.000002774000,   0.16000,
,,,00.000002776000,   0.16000,
,,,00.000002778000,   0.08000,
,,,00.000002780000,   0.08000,
,,,00.000002782000,   0.08000,
,,,00.000002784000,   0.12000,
,,,00.000002786000,   0.12000,
,,,00.000002788000,   0.20000,
,,,00.000002790000,   0.08000,
,,,00.000002792000,   0.12000,
,,,00.000002794000,   0.12000,
,,,00.000002796000,   0.08000,
,,,00.000002798000,   0.16000,
,,,00.000002800000,   0.08000,
,,,00.000002802000,   0.12000,
,,,00.000002804000,   0.16000,
,,,00.000002806000,   0.12000,
,,,00.000002808000,   0.12000,
,,,00.000002810000,   0.16000,
,,,00.000002812000,   0.12000,
,,,00.000002814000,   0.08000,
,,,00.000002816000,   0.12000,
,,,00.000002818000,   0.12000,
,,,00.000002820000,   0.08000,
,,,00.000002822000,   0.12000,
,,,00.000002824000,   0.12000,
,,,00.000002826000,   0.08000,
,,,00.000002828000,   0.08000,
,,,00.000002830000,   0.08000,
,,,00.000002832000,   0.12000,
,,,00.000002834000,   0.08000,
,,,00.000002836000,   0.16000,
,,,00.000002838000,   0.12000,
,,,00.000002840000,   0.08000,
,,,00.000002842000,   0.08000,
,,,00.000002844000,   0.08000,
,,,00.000002846000,   0.08000,
,,,00.000002848000,   0.08000,
,,,00.000002850000,   0.08000,
,,,00.000002852000,   0.16000,
,,,00.000002854000,   0.08000,
,,,00.000002856000,   0.12000,
,,,00.000002858000,   0.08000,
,,,00.000002860000,   0.08000,
,,,00.000002862000,   0.08000,
,,,00.000002864000,   0.12000,
,,,00.000002866000,   0.12000,
,,,00.000002868000,   0.12000,
,,,00.000002870000,   0.08000,
,,,00.000002872000,   0.08000,
,,,00.000002874000,   0.12000,
,,,00.000002876000,   0.12000,
,,,00.000002878000,   0.08000,
,,,00.000002880000,   0.08000,
,,,00.000002882000,   0.08000,
,,,00.000002884000,   0.12000,
,,,00.000002886000,   0.08000,
,,,00.000002888000,   0.12000,
,,,00.000002890000,   0.12000,
,,,00.000002892000,   0.12000,
,,,00.000002894000,   0.08000,
,,,00.000002896000,   0.08000,
,,,00.000002898000,   0.12000,
,,,00.000002900000,   0.08000,
,,,00.000002902000,   0.08000,
,,,00.000002904000,   0.08000,
,,,00.000002906000,   0.08000,
,,,00.000002908000,   0.12000,
,,,00.000002910000,   0.12000,
,,,00.000002912000,   0.04000,
,,,00.000002914000,   0.08000,
,,,00.000002916000,   0.08000,
,,,00.000002918000,   0.04000,
,,,00.000002920000,   0.12000,
,,,00.000002922000,   0.08000,
,,,00.000002924000,   0.08000,
,,,00.000002926000,   0.08000,
,,,00.000002928000,   0.08000,
,,,00.000002930000,   0.12000,
,,,00.000002932000,   0.04000,
,,,00.000002934000,   0.08000,
,,,00.000002936000,   0.04000,
,,,00.000002938000,   0.12000,
,,,00.000002940000,   0.12000,
,,,00.000002942000,   0.16000,
,,,00.000002944000,   0.08000,
,,,00.000002946000,   0.04000,
,,,00.000002948000,   0.04000,
,,,00.000002950000,   0.12000,
,,,00.000002952000,   0.08000,
,,,00.000002954000,   0.12000,
,,,00.000002956000,   0.04000,
,,,00.000002958000,   0.16000,
,,,00.000002960000,   0.08000,
,,,00.000002962000,   0.08000,
,,,00.000002964000,   0.08000,
,,,00.000002966000,   0.04000,
,,,00.000002968000,   0.12000,
,,,00.000002970000,   0.04000,
,,,00.000002972000,   0.12000,
,,,00.000002974000,   0.12000,
,,,00.000002976000,   0.00000,
,,,00.000002978000,   0.04000,
,,,00.000002980000,   0.04000,
,,,00.000002982000,   0.12000,
,,,00.000002984000,   0.04000,
,,,00.000002986000,   0.12000,
,,,00.000002988000,   0.08000,
,,,00.000002990000,   0.08000,
,,,00.000002992000,   0.04000,
,,,00.000002994000,   0.08000,
,,,00.000002996000,   0.04000,
,,,00.000002998000,   0.04000,
,,,00.000003000000,   0.12000,
,,,00.000003002000,   0.16000,
,,,00.000003004000,   0.08000,
,,,00.000003006000,   0.08000,
,,,00.000003008000,   0.08000,
,,,00.000003010000,   0.04000,
,,,00.000003012000,   0.04000,
,,,00.000003014000,   0.08000,
,,,00.000003016000,   0.04000,
,,,00.000003018000,   0.04000,
,,,00.000003020000,   0.04000,
,,,00.000003022000,   0.08000,
,,,00.000003024000,   0.04000,
,,,00.000003026000,   0.04000,
,,,00.000003028000,   0.00000,
,,,00.000003030000,   0.08000,
,,,00.000003032000,   0.08000,
,,,00.000003034000,   0.12000,
,,,00.000003036000,   0.12000,
,,,00.000003038000,   0.00000,
,,,00.000003040000,   0.08000,
,,,00.000003042000,   0.04000,
,,,00.000003044000,   0.08000,
,,,00.000003046000,   0.04000,
,,,00.000003048000,   0.04000,
,,,00.000003050000,   0.12000,
,,,00.000003052000,   0.08000,
,,,00.000003054000,   0.08000,
,,,00.000003056000,   0.00000,
,,,00.000003058000,   0.04000,
,,,00.000003060000,   0.00000,
,,,00.000003062000,   0.00000,
,,,00.000003064000,   0.08000,
,,,00.000003066000,   0.04000,
,,,00.000003068000,   0.00000,
,,,00.000003070000,   0.00000,
,,,00.000003072000,   0.08000,
,,,00.000003074000,   0.04000,
,,,00.000003076000,   0.04000,
,,,00.000003078000,  -0.04000,
,,,00.000003080000,   0.04000,
,,,00.000003082000,   0.04000,
,,,00.000003084000,   0.08000,
,,,00.000003086000,   0.04000,
,,,00.000003088000,   0.04000,
,,,00.000003090000,   0.04000,
,,,00.000003092000,   0.08000,
,,,00.000003094000,   0.04000,
,,,00.000003096000,   0.08000,
,,,00.000003098000,   0.00000,
,,,00.000003100000,   0.04000,
,,,00.000003102000,   0.00000,
,,,00.000003104000,   0.08000,
,,,00.000003106000,   0.04000,
,,,00.000003108000,   0.08000,
,,,00.000003110000,   0.00000,
,,,00.000003112000,   0.08000,
,,,00.000003114000,   0.04000,
,,,00.000003116000,  -0.04000,
,,,00.000003118000,   0.08000,
,,,00.000003120000,   0.04000,
,,,00.000003122000,   0.04000,
,,,00.000003124000,   0.04000,
,,,00.000003126000,   0.04000,
,,,00.000003128000,   0.04000,
,,,00.000003130000,   0.00000,
,,,00.000003132000,   0.04000,
,,,00.000003134000,   0.08000,
,,,00.000003136000,   0.08000,
,,,00.000003138000,   0.04000,
,,,00.000003140000,   0.08000,
,,,00.000003142000,   0.00000,
,,,00.000003144000,   0.00000,
,,,00.000003146000,   0.04000,
,,,00.000003148000,   0.04000,
,,,00.000003150000,   0.08000,
,,,00.000003152000,   0.08000,
,,,00.000003154000,   0.04000,
,,,00.000003156000,   0.08000,
,,,00.000003158000,   0.04000,
,,,00.000003160000,   0.00000,
,,,00.000003162000,   0.08000,
,,,00.000003164000,   0.04000,
,,,00.000003166000,   0.08000,
,,,00.000003168000,   0.00000,
,,,00.000003170000,   0.04000,
,,,00.000003172000,   0.04000,
,,,00.000003174000,   0.04000,
,,,00.000003176000,   0.04000,
,,,00.000003178000,   0.00000,
,,,00.000003180000,   0.08000,
,,,00.000003182000,   0.08000,
,,,00.000003184000,   0.08000,
,,,00.000003186000,   0.08000,
,,,00.000003188000,   0.08000,
,,,00.000003190000,   0.04000,
,,,00.000003192000,   0.04000,
,,,00.000003194000,   0.00000,
,,,00.000003196000,   0.04000,
,,,00.000003198000,   0.04000,
,,,00.000003200000,   0.12000,
,,,00.000003202000,   0.00000,
,,,00.000003204000,   0.04000,
,,,00.000003206000,   0.04000,
,,,00.000003208000,   0.04000,
,,,00.000003210000,   0.00000,
,,,00.000003212000,  -0.04000,
,,,00.000003214000,   0.08000,
,,,00.000003216000,   0.00000,
,,,00.000003218000,   0.04000,
,,,00.000003220000,   0.04000,
,,,00.000003222000,   0.04000,
,,,00.000003224000,   0.00000,
,,,00.000003226000,   0.00000,
,,,00.000003228000,   0.00000,
,,,00.000003230000,   0.00000,
,,,00.000003232000,   0.04000,
,,,00.000003234000,   0.04000,
,,,00.000003236000,   0.00000,
,,,00.000003238000,   0.00000,
,,,00.000003240000,   0.04000,
,,,00.000003242000,   0.04000,
,,,00.000003244000,   0.00000,
,,,00.000003246000,   0.04000,
,,,00.000003248000,   0.08000,
,,,00.000003250000,   0.08000,
,,,00.000003252000,   0.08000,
,,,00.000003254000,   0.04000,
,,,00.000003256000,   0.08000,
,,,00.000003258000,   0.04000,
,,,00.000003260000,   0.00000,
,,,00.000003262000,   0.08000,
,,,00.000003264000,   0.04000,
,,,00.000003266000,   0.00000,
,,,00.000003268000,   0.04000,
,,,00.000003270000,   0.04000,
,,,00.000003272000,   0.04000,
,,,00.000003274000,   0.04000,
,,,00.000003276000,   0.00000,
,,,00.000003278000,   0.04000,
,,,00.000003280000,   0.04000,
,,,00.000003282000,   0.04000,
,,,00.000003284000,   0.04000,
,,,00.000003286000,   0.04000,
,,,00.000003288000,   0.08000,
,,,00.000003290000,   0.04000,
,,,00.000003292000,   0.00000,
,,,00.000003294000,   0.04000,
,,,00.000003296000,   0.00000,
,,,00.000003298000,  -0.04000,
,,,00.000003300000,   0.00000,
,,,00.000003302000,   0.04000,
,,,00.000003304000,   0.00000,
,,,00.000003306000,   0.04000,
,,,00.000003308000,   0.00000,
,,,00.000003310000,   0.04000,
,,,00.000003312000,   0.00000,
,,,00.000003314000,   0.00000,
,,,00.000003316000,   0.08000,
,,,00.000003318000,   0.08000,
,,,00.000003320000,  -0.04000,
,,,00.000003322000,   0.08000,
,,,00.000003324000,   0.04000,
,,,00.000003326000,   0.04000,
,,,00.000003328000,   0.04000,
,,,00.000003330000,   0.04000,
,,,00.000003332000,   0.04000,
,,,00.000003334000,   0.08000,
,,,00.000003336000,   0.04000,
,,,00.000003338000,   0.08000,
,,,00.000003340000,   0.04000,
,,,00.000003342000,   0.04000,
,,,00.000003344000,   0.00000,
,,,00.000003346000,   0.08000,
,,,00.000003348000,   0.08000,
,,,00.000003350000,   0.12000,
,,,00.000003352000,   0.04000,
,,,00.000003354000,   0.08000,
,,,00.000003356000,   0.00000,
,,,00.000003358000,   0.04000,
,,,00.000003360000,   0.04000,
,,,00.000003362000,   0.04000,
,,,00.000003364000,   0.08000,
,,,00.000003366000,   0.00000,
,,,00.000003368000,   0.04000,
,,,00.000003370000,   0.04000,
,,,00.000003372000,   0.04000,
,,,00.000003374000,   0.04000,
,,,00.000003376000,   0.00000,
,,,00.000003378000,   0.08000,
,,,00.000003380000,   0.04000,
,,,00.000003382000,   0.08000,
,,,00.000003384000,   0.04000,
,,,00.000003386000,   0.08000,
,,,00.000003388000,   0.00000,
,,,00.000003390000,   0.00000,
,,,00.000003392000,   0.04000,
,,,00.000003394000,   0.00000,
,,,00.000003396000,   0.08000,
,,,00.000003398000,   0.08000,
,,,00.000003400000,   0.04000,
,,,00.000003402000,   0.04000,
,,,00.000003404000,   0.04000,
,,,00.000003406000,   0.08000,
,,,00.000003408000,   0.04000,
,,,00.000003410000,   0.04000,
,,,00.000003412000,   0.04000,
,,,00.000003414000,   0.04000,
,,,00.000003416000,   0.04000,
,,,00.000003418000,   0.04000,
,,,00.000003420000,   0.04000,
,,,00.000003422000,   0.04000,
,,,00.000003424000,   0.00000,
,,,00.000003426000,   0.00000,
,,,00.000003428000,   0.04000,
,,,00.000003430000,   0.08000,
,,,00.000003432000,   0.08000,
,,,00.000003434000,   0.04000,
,,,00.000003436000,   0.00000,
,,,00.000003438000,   0.08000,
,,,00.000003440000,   0.04000,
,,,00.000003442000,   0.00000,
,,,00.000003444000,   0.04000,
,,,00.000003446000,   0.08000,
,,,00.000003448000,   0.08000,
,,,00.000003450000,   0.04000,
,,,00.000003452000,   0.08000,
,,,00.000003454000,   0.00000,
,,,00.000003456000,   0.08000,
,,,00.000003458000,   0.04000,
,,,00.000003460000,   0.08000,
,,,00.000003462000,   0.04000,
,,,00.000003464000,   0.04000,
,,,00.000003466000,   0.04000,
,,,00.000003468000,   0.04000,
,,,00.000003470000,   0.04000,
,,,00.000003472000,   0.00000,
,,,00.000003474000,   0.00000,
,,,00.000003476000,   0.04000,
,,,00.000003478000,   0.08000,
,,,00.000003480000,   0.04000,
,,,00.000003482000,   0.04000,
,,,00.000003484000,   0.00000,
,,,00.000003486000,   0.04000,
,,,00.000003488000,   0.00000,
,,,00.000003490000,   0.04000,
,,,00.000003492000,   0.04000,
,,,00.000003494000,   0.00000,
,,,00.000003496000,   0.04000,
,,,00.000003498000,   0.04000,
,,,00.000003500000,   0.04000,
,,,00.000003502000,   0.08000,
,,,00.000003504000,   0.08000,
,,,00.000003506000,   0.04000,
,,,00.000003508000,   0.04000,
,,,00.000003510000,   0.04000,
,,,00.000003512000,   0.04000,
,,,00.000003514000,   0.08000,
,,,00.000003516000,   0.12000,
,,,00.000003518000,   0.04000,
,,,00.000003520000,   0.00000,
,,,00.000003522000,   0.04000,
,,,00.000003524000,   0.04000,
,,,00.000003526000,   0.04000,
,,,00.000003528000,   0.08000,
,,,00.000003530000,   0.08000,
,,,00.000003532000,   0.08000,
,,,00.000003534000,   0.04000,
,,,00.000003536000,   0.04000,
,,,00.000003538000,   0.04000,
,,,00.000003540000,   0.04000,
,,,00.000003542000,   0.04000,
,,,00.000003544000,   0.04000,
,,,00.000003546000,   0.08000,
,,,00.000003548000,   0.08000,
,,,00.000003550000,   0.04000,
,,,00.000003552000,   0.08000,
,,,00.000003554000,   0.04000,
,,,00.000003556000,   0.04000,
,,,00.000003558000,   0.08000,
,,,00.000003560000,   0.04000,
,,,00.000003562000,   0.12000,
,,,00.000003564000,   0.04000,
,,,00.000003566000,   0.08000,
,,,00.000003568000,   0.04000,
,,,00.000003570000,   0.00000,
,,,00.000003572000,   0.04000,
,,,00.000003574000,   0.00000,
,,,00.000003576000,   0.08000,
,,,00.000003578000,   0.08000,
,,,00.000003580000,   0.08000,
,,,00.000003582000,   0.08000,
,,,00.000003584000,   0.08000,
,,,00.000003586000,   0.04000,
,,,00.000003588000,   0.04000,
,,,00.000003590000,   0.08000,
,,,00.000003592000,   0.04000,
,,,00.000003594000,   0.08000,
,,,00.000003596000,   0.08000,
,,,00.000003598000,   0.04000,
,,,00.000003600000,   0.04000,
,,,00.000003602000,   0.04000,
,,,00.000003604000,   0.04000,
,,,00.000003606000,   0.04000,
,,,00.000003608000,   0.08000,
,,,00.000003610000,   0.04000,
,,,00.000003612000,   0.04000,
,,,00.000003614000,   0.08000,
,,,00.000003616000,   0.04000,
,,,00.000003618000,   0.04000,
,,,00.000003620000,   0.04000,
,,,00.000003622000,   0.00000,
,,,00.000003624000,   0.04000,
,,,00.000003626000,   0.04000,
,,,00.000003628000,   0.04000,
,,,00.000003630000,   0.12000,
,,,00.000003632000,   0.08000,
,,,00.000003634000,   0.00000,
,,,00.000003636000,   0.04000,
,,,00.000003638000,   0.04000,
,,,00.000003640000,   0.04000,
,,,00.000003642000,   0.00000,
,,,00.000003644000,   0.08000,
,,,00.000003646000,   0.12000,
,,,00.000003648000,   0.04000,
,,,00.000003650000,   0.00000,
,,,00.000003652000,   0.04000,
,,,00.000003654000,   0.04000,
,,,00.000003656000,   0.04000,
,,,00.000003658000,   0.08000,
